tcid,year,month_mean,day_mean,hour_mean,latitude_mean,longitude_mean,windspeed_mean,sealevelpressure_mean,distance_mean,angle_mean,radius_oci_mean,radius_34mean_mean,radius_34quadrant_mean,category,coreid,linext,density,calc,region,rz,site,spp,linext.log,linext.anom,linext.roll,density.log,density.anom,density.roll,calc.log,calc.anom,calc.roll
3,1988,8,27.333333333333332,7,25.516666666666666,-78.36666666666667,16.290740738333334,1008,313722.6551,76.10846884166666,240760,111120,37040,1,yircr12s,0.3591,1.2704,0.4596,y,ir,yircr,s,-1.024154378,0.050223313,-0.877644253,0.239331812,-0.645884244,0.242133408,-0.777398733,-0.159934808,-0.627535595
12,1988,11,22.8,10.8,27.22,-82.64,24.693333332,995.8,398831.62194,275.51699898,474112,250020,222240,1,yircr12s,0.3591,1.2704,0.4596,y,ir,yircr,s,-1.024154378,0.050223313,-0.877644253,0.239331812,-0.645884244,0.242133408,-0.777398733,-0.159934808,-0.627535595
36,1990,10,10.2,10.2,25.11,-81.95,20.577777777,996.8,257928.49016,252.1651212,463000,156648.33333333334,200633.33333333334,1,yircr12s,0.4259,1.3842,0.5956,y,ir,yircr,s,-0.853550702,0.660564823,-0.839727034,0.325122355,0.278787403,0.282085155,-0.518185978,0.819023057,-0.548225681
38,1991,6.333333333333333,20.11111111111111,9.333333333333334,26.733333333333334,-81.11111111111111,10.28888889,1012,265614.16297777777,136.60972015000002,NaN,NaN,NaN,1,yircr12s,0.4171,1.3317,0.5625,y,ir,yircr,s,-0.874429278,0.585870879,-0.920455495,0.286456322,-0.137964649,0.292874758,-0.575364145,0.603080689,-0.618039993
43,1991,10,15.8,10.8,23.84,-80.8,20.57777778,1005.6,253045.47104799998,74.804908544,333360,108805,143530,1,yircr12s,0.4171,1.3317,0.5625,y,ir,yircr,s,-0.874429278,0.585870879,-0.920455495,0.286456322,-0.137964649,0.292874758,-0.575364145,0.603080689,-0.618039993
47,1992,8,24,9,25.633333333333333,-80.31666666666666,64.30555555666666,938.3333333333334,296371.962245,86.7299969855,239216.66666666666,177792,166680,0,yircr12s,0.3558,1.3061,0.4674,y,ir,yircr,s,-1.033386504,0.017195011,-0.944130244,0.267045598,-0.34717822,0.281010761,-0.760569857,-0.096377902,-0.654618466
51,1992,9,28.25,9,28.75,-78.725,15.43333333,1004,472701.927975,97.533081465,222240,NaN,NaN,1,yircr12s,0.3558,1.3061,0.4674,y,ir,yircr,s,-1.033386504,0.017195011,-0.944130244,0.267045598,-0.34717822,0.281010761,-0.760569857,-0.096377902,-0.654618466
61,1994,6,30,6,21.7,-83.6,12.86111111,1011,469255.5685,218.8440276,NaN,NaN,NaN,1,yircr12s,0.3471,1.3355,0.4657,y,ir,yircr,s,-1.058142356,-0.071370046,-0.954707879,0.289305754,-0.107252768,0.285993953,-0.764213629,-0.110139182,-0.66338462
67,1994,11,16.333333333333332,8.8,25.626666666666665,-80.5,21.26370370333333,999.7333333333333,264265.5543,243.18211623866668,350645.3333333333,218960.41666666666,231500,1,yircr12s,0.3471,1.3355,0.4657,y,ir,yircr,s,-1.058142356,-0.071370046,-0.954707879,0.289305754,-0.107252768,0.285993953,-0.764213629,-0.110139182,-0.66338462
72,1995,8,1.6666666666666667,11,27.2,-79.78333333333333,35.15370370166667,985,373143.05113333336,93.58813634333333,277800,177483.33333333334,131183.33333333334,1,yircr12s,0.4142,1.322,0.54990000000000006,y,ir,yircr,s,-0.88140633,0.560910194,-0.959617397,0.279145741,-0.216759885,0.298867833,-0.598018835,0.517521676,-0.656278348
77,1995,8,23.333333333333332,10,26.522222222222222,-80.3,16.004938273333334,1006.3333333333334,273442.27773333335,107.79557546666666,281915.55555555556,185200,NaN,1,yircr12s,0.4142,1.322,0.54990000000000006,y,ir,yircr,s,-0.88140633,0.560910194,-0.959617397,0.279145741,-0.216759885,0.298867833,-0.598018835,0.517521676,-0.656278348
87,1996,6,17.666666666666668,8,27.7,-78.3,12.86111111,1009.6666666666666,395598.21043333336,115.40841679666667,277800,NaN,NaN,1,yircr12s,0.3909,1.3884,0.5452,y,ir,yircr,s,-0.939303506,0.353780718,-0.937960537,0.328152005,0.311441714,0.321027431,-0.606602579,0.485103814,-0.612036405
98,1996,10,18.333333333333332,7,22.416666666666668,-80.15,41.584259259999996,976.1666666666666,367532.0770333333,73.92923865566667,509300,150089.16666666666,200633.33333333334,0,yircr12s,0.3909,1.3884,0.5452,y,ir,yircr,s,-0.939303506,0.353780718,-0.937960537,0.328152005,0.311441714,0.321027431,-0.606602579,0.485103814,-0.612036405
114,1998,9,25.25,9,24.025,-81.6875,44.37083333375,980.25,288103.7832625,260.3670822625,409755,233484.2857142857,246051.42857142858,1,yircr12s,0.3558,1.4845,0.532,y,ir,yircr,s,-1.033386504,0.017195011,-1.103311702,0.395078015,1.032786763,0.367712614,-0.63111179,0.392540914,-0.730489701
120,1998,11,5,9,26.125,-81.875,25.72222222,990.5,313832.9838,278.76511957499997,444480,255228.75,243075,1,yircr12s,0.3558,1.4845,0.532,y,ir,yircr,s,-1.033386504,0.017195011,-1.103311702,0.395078015,1.032786763,0.367712614,-0.63111179,0.392540914,-0.730489701
125,1999,8,28,9,26.933333333333334,-76.8,40.726851851666666,976,457093.5125333333,80.39905400833334,308666.6666666667,205109,131492,2,yircr12s,0.2771,1.4223,0.395,y,ir,yircr,s,-1.283376827,-0.877155424,-1.078018188,0.35227528,0.571448319,0.371913132,-0.928869514,-0.731988111,-0.702951665
127,1999,9,14.5,9,26.7,-77.375,56.58888889,932,406289.615775,80.2296535325,555600,329887.5,256965,4,yircr12s,0.2771,1.4223,0.395,y,ir,yircr,s,-1.283376827,-0.877155424,-1.078018188,0.35227528,0.571448319,0.371913132,-0.928869514,-0.731988111,-0.702951665
129,1999,9,21.2,7.2,26.48,-82.28,24.693333331999998,997,307054.26564,241.4053185918,400032,160198,55560,1,yircr12s,0.2771,1.4223,0.395,y,ir,yircr,s,-1.283376827,-0.877155424,-1.078018188,0.35227528,0.571448319,0.371913132,-0.928869514,-0.731988111,-0.702951665
130,1999,10,15.2,10.2,24.96,-81.4,32.667222224,987.8,260265.05310299998,237.1105329016,374104,190756,179644,1,yircr12s,0.2771,1.4223,0.395,y,ir,yircr,s,-1.283376827,-0.877155424,-1.078018188,0.35227528,0.571448319,0.371913132,-0.928869514,-0.731988111,-0.702951665
140,2000,9,17,9,26.6,-84.6,34.081944445000005,984.5,461272.52917500003,275.438139925,358825,195038.75,162050,1,yircr12s,0.3996,1.4454,0.5776,y,ir,yircr,s,-0.917291232,0.432530514,-1.134436139,0.3683861,0.745094715,0.357293824,-0.548873691,0.703126067,-0.775069249
145,2000,10,4,12,29,-81.4,15.43333333,1012,462142.9665,241.1178694,166680,NaN,NaN,1,yircr12s,0.3996,1.4454,0.5776,y,ir,yircr,s,-0.917291232,0.432530514,-1.134436139,0.3683861,0.745094715,0.357293824,-0.548873691,0.703126067,-0.775069249
150,2001,8,2,15,25.95,-84.85,19.291666665,1010.5,442181.39194999996,226.1567116,NaN,NaN,NaN,1,yircr12s,0.3004,1.4208,0.4285,y,ir,yircr,s,-1.202640359,-0.588317463,-1.082520276,0.351220093,0.56007526,0.357668593,-0.847464541,-0.424549386,-0.72190624
155,2001,9,13.266666666666667,9.6,26.433333333333334,-83.57333333333334,19.03444444466667,1000.1333333333333,408074.57257333334,241.90445496,328068.5714285714,184342.5925888889,129640,1,yircr12s,0.3004,1.4208,0.4285,y,ir,yircr,s,-1.202640359,-0.588317463,-1.082520276,0.351220093,0.56007526,0.357668593,-0.847464541,-0.424549386,-0.72190624
161,2001,11,4.666666666666667,11,22.9,-79.88333333333334,49.729629630000005,962.5,350793.5541333333,77.89557545333334,354966.6666666667,282044.1666666667,276256.6666666667,0,yircr12s,0.3004,1.4208,0.4285,y,ir,yircr,s,-1.202640359,-0.588317463,-1.082520276,0.351220093,0.56007526,0.357668593,-0.847464541,-0.424549386,-0.72190624
168,2002,9,5,12,28.9,-82.46666666666667,11.146296296666668,1011,487268.0098333333,95.88294291666666,197546.66666666666,NaN,NaN,1,yircr12s,0.3238,1.4239,0.4633,y,ir,yircr,s,-1.127629238,-0.31996216,-1.072900667,0.353399586,0.583566369,0.346625631,-0.769380487,-0.129652635,-0.72248384
172,2002,9,20.2,7.2,21.44,-83.42,41.155555554,968.2,488972.58328,262.72210674,296320,184274,231500,0,yircr12s,0.3238,1.4239,0.4633,y,ir,yircr,s,-1.127629238,-0.31996216,-1.072900667,0.353399586,0.583566369,0.346625631,-0.769380487,-0.129652635,-0.72248384
174,2002,10,10,15,28.65,-78.8,14.14722222,1010,459804.72025,87.99829778,203720,NaN,NaN,1,yircr12s,0.3238,1.4239,0.4633,y,ir,yircr,s,-1.127629238,-0.31996216,-1.072900667,0.353399586,0.583566369,0.346625631,-0.769380487,-0.129652635,-0.72248384
175,2002,10,1,9,21.375,-82.725,41.798611109999996,972.5,471181.6476,268.488542325,277800,179991.25,229185,0,yircr12s,0.3238,1.4239,0.4633,y,ir,yircr,s,-1.127629238,-0.31996216,-1.072900667,0.353399586,0.583566369,0.346625631,-0.769380487,-0.129652635,-0.72248384
180,2003,8,14,18,26.4,-83.3,18.00555556,1011,316859.9368,155.688525,NaN,NaN,NaN,1,yircr12s,0.4113,1.3983,0.5766,y,ir,yircr,s,-0.888432404,0.535774133,-1.066417302,0.335257213,0.388023399,0.33672014,-0.550606494,0.696581865,-0.725845739
183,2003,9,6,9,28.299999999999997,-82.4,14.14722222,1005,443921.0842,289.05285005,231500,NaN,NaN,1,yircr12s,0.4113,1.3983,0.5766,y,ir,yircr,s,-0.888432404,0.535774133,-1.066417302,0.335257213,0.388023399,0.33672014,-0.550606494,0.696581865,-0.725845739
194,2004,8,13.2,7.2,24.66,-82.34,50.415555556,965.6,302975.23482,274.34630376,185200,129177,133344,0,yircr12s,0.3063,1.3792,0.4242,y,ir,yircr,s,-1.183190265,-0.51873397,-1.026859029,0.321503621,0.23978379,0.32553181,-0.857550237,-0.462639608,-0.696195046
197,2004,9,4.384615384615385,8.76923076923077,26.753846153846155,-79.20769230769231,42.34273504230769,964.3846153846154,348409.06823846156,85.23163913615385,384646.1538461539,276197.3076923077,238623.07692307694,0,yircr12s,0.3063,1.3792,0.4242,y,ir,yircr,s,-1.183190265,-0.51873397,-1.026859029,0.321503621,0.23978379,0.32553181,-0.857550237,-0.462639608,-0.696195046
200,2004,9,20.857142857142858,9.428571428571429,25.957142857142856,-80.95714285714286,13.228571427142857,1009.2857142857143,223764.05347142857,179.2532332157143,NaN,NaN,NaN,1,yircr12s,0.3063,1.3792,0.4242,y,ir,yircr,s,-1.183190265,-0.51873397,-1.026859029,0.321503621,0.23978379,0.32553181,-0.857550237,-0.462639608,-0.696195046
201,2004,9,25.666666666666668,11,27.316666666666666,-79.83333333333333,45.871296295,958,337114.7638666667,95.30614685,379660,254650,219153.33333333334,3,yircr12s,0.3063,1.3792,0.4242,y,ir,yircr,s,-1.183190265,-0.51873397,-1.026859029,0.321503621,0.23978379,0.32553181,-0.857550237,-0.462639608,-0.696195046
207,2005,6,10,15,23.95,-84.9,27.00833333,997.5,459692.48245,269.9390305,324100,151246.66665,240760,1,yircr12s,0.3646,1.3769,0.5064,y,ir,yircr,s,-1.008954417,0.104601785,-1.125111649,0.319834595,0.221794622,0.332187369,-0.680428408,0.206288923,-0.788676529
210,2005,7,8.857142857142858,9.428571428571429,23.514285714285712,-82.4,51.81190476142857,954.7142857142857,345047.8381,264.9857510857143,449771.4285714286,244067.14285714287,280445.71428571426,0,yircr12s,0.3646,1.3769,0.5064,y,ir,yircr,s,-1.008954417,0.104601785,-1.125111649,0.319834595,0.221794622,0.332187369,-0.680428408,0.206288923,-0.788676529
212,2005,7,22,9,26.475,-76.45,21.86388889,1007.5,458070.356775,85.60484965500001,203720,56717.5,NaN,1,yircr12s,0.3646,1.3769,0.5064,y,ir,yircr,s,-1.008954417,0.104601785,-1.125111649,0.319834595,0.221794622,0.332187369,-0.680428408,0.206288923,-0.788676529
217,2005,8,25.6,9.6,25.16,-80.52,34.124814814,980.7333333333333,285753.89643,102.91432911333334,290764,131128.2142857143,136374.54545454544,1,yircr12s,0.3646,1.3769,0.5064,y,ir,yircr,s,-1.008954417,0.104601785,-1.125111649,0.319834595,0.221794622,0.332187369,-0.680428408,0.206288923,-0.788676529
221,2005,9,7.384615384615385,8.76923076923077,27.992307692307694,-79.04615384615384,21.962820512307694,998.3846153846154,389956.47875384614,146.4801467146154,269381.8181818182,100831.11111111111,87308.57142857143,1,yircr12s,0.3646,1.3769,0.5064,y,ir,yircr,s,-1.008954417,0.104601785,-1.125111649,0.319834595,0.221794622,0.332187369,-0.680428408,0.206288923,-0.788676529
223,2005,9,20.428571428571427,7.714285714285714,23.84285714285714,-81.4,44.095238095714286,972.1428571428571,281439.29268571426,256.15771827142856,410085.71428571426,173294.2857142857,182554.2857142857,0,yircr12s,0.3646,1.3769,0.5064,y,ir,yircr,s,-1.008954417,0.104601785,-1.125111649,0.319834595,0.221794622,0.332187369,-0.680428408,0.206288923,-0.788676529
226,2005,10,5,9,27.8,-79.95,19.29166667,1005,330639.6993,138.5811536,231500,243846.66665,NaN,1,yircr12s,0.3646,1.3769,0.5064,y,ir,yircr,s,-1.008954417,0.104601785,-1.125111649,0.319834595,0.221794622,0.332187369,-0.680428408,0.206288923,-0.788676529
228,2005,10,24,9,25.8,-81.8,52.0875,954,294008.661975,277.978498475,555600,344356.25,324100,3,yircr12s,0.3646,1.3769,0.5064,y,ir,yircr,s,-1.008954417,0.104601785,-1.125111649,0.319834595,0.221794622,0.332187369,-0.680428408,0.206288923,-0.788676529
238,2006,8,5.75,9,22.625,-79.6,9.64583333425,1012.5,305742.9396,299.67045352499997,231500,NaN,NaN,1,yircr12s,0.3063,1.4265,0.4369,y,ir,yircr,s,-1.183190265,-0.51873397,-1.125111649,0.355223892,0.60322918699999994,0.339903819,-0.828050943,-0.351230871,-0.781524514
240,2006,8,29.666666666666668,8,24.7,-79.87777777777778,19.434567904444446,1003.7777777777778,224045.47657777776,243.91564182555555,231500,96372.59258888889,81025,1,yircr12s,0.3063,1.4265,0.4369,y,ir,yircr,s,-1.183190265,-0.51873397,-1.125111649,0.355223892,0.60322918699999994,0.339903819,-0.828050943,-0.351230871,-0.781524514
245,2007,5,11.4,8.4,28.740000000000002,-79.38,13.375555554,1005.2,445334.18982,272.68968202,259280,NaN,NaN,1,yircr12s,0.3063,1.4115,0.4334,y,ir,yircr,s,-1.183190265,-0.51873397,-1.174914274,0.344652969,0.489293172,0.317241493,-0.83609419,-0.381607461,-0.854280519
246,2007,6,2,6,25.46666666666667,-84.33333333333333,23.15,998.3333333333334,406699.3456666667,292.3378649333334,314840,101860,148160,1,yircr12s,0.3063,1.4115,0.4334,y,ir,yircr,s,-1.183190265,-0.51873397,-1.174914274,0.344652969,0.489293172,0.317241493,-0.83609419,-0.381607461,-0.854280519
258,2007,10.625,12.375,9,23.575,-77.9875,25.72222222125,993,344610.883,69.223337977625,386605,213269.375,156097.14285714287,1,yircr12s,0.3063,1.4115,0.4334,y,ir,yircr,s,-1.183190265,-0.51873397,-1.174914274,0.344652969,0.489293172,0.317241493,-0.83609419,-0.381607461,-0.854280519
259,2007,12,16,6,26.3,-85.2,12.86111111,1006,485791.4309,310.0614794,NaN,NaN,NaN,1,yircr12s,0.3063,1.4115,0.4334,y,ir,yircr,s,-1.183190265,-0.51873397,-1.174914274,0.344652969,0.489293172,0.317241493,-0.83609419,-0.381607461,-0.854280519
265,2008,8,19.5,9,26.305555555555557,-80.92222222222222,25.865123455,995.2222222222222,337331.4331444444,220.61690999444443,362683.3333333333,152104.07407222223,120380,1,yircr12s,0.314,1.2864,0.4071,y,ir,yircr,s,-1.158362293,-0.429910901,-1.163573857,0.251847619,-0.510985778,0.303234733,-0.898696423,-0.618034673,-0.857115459
266,2008,8,30.6,9.6,22.68,-83.5,57.617777778,953.8,436108.82254,265.40162018,490780,243075,301876,0,yircr12s,0.314,1.2864,0.4071,y,ir,yircr,s,-1.158362293,-0.429910901,-1.163573857,0.251847619,-0.510985778,0.303234733,-0.898696423,-0.618034673,-0.857115459
267,2008,9,5,9,27.7,-77.9,28.29444444,982,420010.4012,96.29923667,555600,312525,125010,1,yircr12s,0.314,1.2864,0.4071,y,ir,yircr,s,-1.158362293,-0.429910901,-1.163573857,0.251847619,-0.510985778,0.303234733,-0.898696423,-0.618034673,-0.857115459
268,2008,9,9.25,9,22.5125,-82.5375,36.332638888750004,964.5,396295.567675,258.2071675375,428275,274327.5,309052.5,0,yircr12s,0.314,1.2864,0.4071,y,ir,yircr,s,-1.158362293,-0.429910901,-1.163573857,0.251847619,-0.510985778,0.303234733,-0.898696423,-0.618034673,-0.857115459
275,2008,11,11.222222222222221,9.666666666666666,22.06111111111111,-79.7611111111111,11.146296297222223,1008,438621.9734388889,196.32374686388889,277800,27780,37040,1,yircr12s,0.314,1.2864,0.4071,y,ir,yircr,s,-1.158362293,-0.429910901,-1.163573857,0.251847619,-0.510985778,0.303234733,-0.898696423,-0.618034673,-0.857115459
278,2009,8,16,6,27,-83.4,15.43333333,1011,363537.1902,199.3992152,NaN,NaN,NaN,1,yircr12s,0.3169,1.3678,0.4332,y,ir,yircr,s,-1.149169012,-0.39702157,-1.205992118,0.31320361,0.150324221,0.29580818,-0.836555764,-0.383350668,-0.907232393
286,2010,7,23.4,8.4,25.48,-81.12,16.976666666,1008.4,239052.69425200002,101.6469550594,268540,106490,83340,1,yircr12s,0.2697,1.3804,0.3729,y,ir,yircr,s,-1.310445049,-0.973993076,-1.140475103,0.322373312,0.249157538,0.285305515,-0.986444992,-0.949430986,-0.855883926
298,2010,9,29.25,9,23.4375,-80.5875,19.934722225,995.75,307582.7575,72.92246532625,680610,486150,555600,1,yircr12s,0.2697,1.3804,0.3729,y,ir,yircr,s,-1.310445049,-0.973993076,-1.140475103,0.322373312,0.249157538,0.285305515,-0.986444992,-0.949430986,-0.855883926
300,2010,10,14.666666666666666,11,22.85,-81.65,19.291666666666668,1005,305275.01075,67.132612615,166680,71765,101860,1,yircr12s,0.2697,1.3804,0.3729,y,ir,yircr,s,-1.310445049,-0.973993076,-1.140475103,0.322373312,0.249157538,0.285305515,-0.986444992,-0.949430986,-0.855883926
305,2011,7,17.571428571428573,10.285714285714286,27.814285714285713,-77.95714285714286,18.74047619142857,1005.8571428571429,422261.8766857143,256.4650746,196775,63662.5,43213.333333333336,1,yircr12s,0.3822,1.2465,0.4749,y,ir,yircr,s,-0.961811247,0.27325837,-1.088476024,0.220339624,-0.850586727,0.250179928,-0.744651023,-0.036257916,-0.835006502
308,2011,8,6,9,24.96666666666667,-77.76666666666667,14.147222221666667,1011.3333333333334,336049.72135,85.48836066666667,185200,97230,NaN,1,yircr12s,0.3822,1.2465,0.4749,y,ir,yircr,s,-0.961811247,0.27325837,-1.088476024,0.220339624,-0.850586727,0.250179928,-0.744651023,-0.036257916,-0.835006502
312,2011,8,25.25,9,25.925,-76.75,46.943055555,949,432602.990175,84.12247532,544025,327572.5,245390,3,yircr12s,0.3822,1.2465,0.4749,y,ir,yircr,s,-0.961811247,0.27325837,-1.088476024,0.220339624,-0.850586727,0.250179928,-0.744651023,-0.036257916,-0.835006502
331,2012,8,26.5,9,24.116666666666667,-81.76666666666667,27.00833333,991.3333333333334,268691.6541,258.41069075,463000,243846.66666666666,277800,1,yircr12s,0.3704,1.231,0.4612,y,ir,yircr,s,-0.993171776,0.161064816,-0.910939004,0.207826847,-0.985452522,0.213941728,-0.773923491,-0.146810007,-0.692921822
340,2012,10,26.2,7.2,26.28,-76.7,34.467777778,968.6,436343.2868,93.2382362,757468,478742,362992,0,yircr12s,0.3704,1.231,0.4612,y,ir,yircr,s,-0.993171776,0.161064816,-0.910939004,0.207826847,-0.985452522,0.213941728,-0.773923491,-0.146810007,-0.692921822
345,2013,8,1.6666666666666667,8,25.233333333333334,-78.44444444444444,13.146913578888888,1013.1111111111111,298305.4357,114.66159495155556,NaN,NaN,NaN,1,yircr12s,0.4594,1.2382,0.5711,y,ir,yircr,s,-0.777833989,0.93144441,-0.929407472,0.213658712,-0.922595243,0.248266728,-0.560190953,0.660384641,-0.675154414
357,2014,6.777777777777778,7.777777777777778,9.333333333333334,28,-78.9888888888889,19.4345679,1003.6666666666666,380658.8659222222,127.868950198,321013.3333333333,93526,88896,1,yircr12s,0.3616,1.3817,0.5009,y,ir,yircr,s,-1.01721665,0.075043311,NA,0.323314625,0.25930324,NA,-0.691348799,0.165046346,NA
366,2015,5,6,9,27.5,-78.85,12.86111111,1015.5,337982.30045,171.54331919999998,222240,NaN,NaN,1,NA,NA,NA,NA,NA,NA,NA,NA,NA,NA,NA,NA,NA,NA,NA,NA,NA
377,2015,11,9.5,9,25.7,-75.95,24.43611111,1007,483663.52555,79.53460364,148160,89513.333335,NaN,1,NA,NA,NA,NA,NA,NA,NA,NA,NA,NA,NA,NA,NA,NA,NA,NA,NA
NA,1997,NA,NA,NA,NA,NA,NA,NA,NA,NA,NA,NA,NA,NA,yircr12s,0.3704,1.4273,0.5318,y,ir,yircr,s,-0.993171776,0.161064816,-0.988620595,0.355784548,0.609272076,0.359671523,-0.6314878,0.391120851,-0.62306739
NA,1993,NA,NA,NA,NA,NA,NA,NA,NA,NA,NA,NA,NA,NA,yircr12s,0.3967,1.3358,0.5337,y,ir,yircr,s,-0.924574951,0.406472715,-1.005367937,0.289530363,-0.104831868,0.281960571,-0.627921396,0.40458994,-0.717568294
NA,1989,NA,NA,NA,NA,NA,NA,NA,NA,NA,NA,NA,NA,NA,yircr12s,0.4533,1.2645,0.5763,y,ir,yircr,s,-0.791201121,0.883622957,-0.8896354,0.234676787,-0.696057245,0.266376985,-0.551126921,0.694616391,-0.615570544
NA,1987,NA,NA,NA,NA,NA,NA,NA,NA,NA,NA,NA,NA,NA,yircr12s,0.4415,1.2871,0.5746,y,ir,yircr,s,-0.817577259,0.789261263,-0.989786958,0.252391626,-0.505122345,0.257510647,-0.554081132,0.683459344,-0.722370898
NA,1986,NA,NA,NA,NA,NA,NA,NA,NA,NA,NA,NA,NA,NA,yircr12s,0.3238,1.3242,0.4336,y,ir,yircr,s,-1.127629238,-0.31996216,-1.009479228,0.280808504,-0.198838225,0.278754435,-0.835632829,-0.379865059,-0.720851304
NA,1985,NA,NA,NA,NA,NA,NA,NA,NA,NA,NA,NA,NA,NA,yircr12s,0.3385,1.354,0.4617,y,ir,yircr,s,-1.083231187,-0.161126347,-1.161751898,0.303063174,0.041028109,0.306900331,-0.772839949,-0.142717843,-0.847048996
NA,1984,NA,NA,NA,NA,NA,NA,NA,NA,NA,NA,NA,NA,NA,yircr12s,0.2796,1.4005,0.3935,y,ir,yircr,s,-1.274395269,-0.845023537,-1.167881622,0.336829316,0.40496791,0.315865918,-0.932674211,-0.746357149,-0.84589785
NA,1983,NA,NA,NA,NA,NA,NA,NA,NA,NA,NA,NA,NA,NA,yircr12s,0.3179,1.3603,0.4351,y,ir,yircr,s,-1.146018411,-0.385750167,-1.170849001,0.307705264,0.091061691,0.32140797,-0.832179389,-0.366822599,-0.844025995
NA,1982,NA,NA,NA,NA,NA,NA,NA,NA,NA,NA,NA,NA,NA,yircr12s,0.3355,1.3767,0.4643,y,ir,yircr,s,-1.092133323,-0.192974096,-1.125029712,0.319689331,0.220228927,0.31214074,-0.767224384,-0.121509774,-0.805509378
NA,1981,NA,NA,NA,NA,NA,NA,NA,NA,NA,NA,NA,NA,NA,yircr12s,0.3208,1.3621,0.4417,y,ir,yircr,s,-1.136937403,-0.353262495,-1.101159442,0.309027626,0.105314444,0.311134543,-0.81712436,-0.309964907,-0.782997309
NA,1980,NA,NA,NA,NA,NA,NA,NA,NA,NA,NA,NA,NA,NA,yircr12s,0.3415,1.3562,0.4655,y,ir,yircr,s,-1.0744076,-0.12955961,-1.107073495,0.304686671,0.058526558,0.304976461,-0.764643182,-0.111761458,-0.794389436
NA,1979,NA,NA,NA,NA,NA,NA,NA,NA,NA,NA,NA,NA,NA,yircr12s,0.3296,1.3515,0.4487,y,ir,yircr,s,-1.109875481,-0.256447381,-1.107073495,0.301215087,0.021108963,0.308990083,-0.801400766,-0.250582272,-0.793786254
NA,1978,NA,NA,NA,NA,NA,NA,NA,NA,NA,NA,NA,NA,NA,yircr12s,0.3208,1.3786,0.4425,y,ir,yircr,s,-1.136937403,-0.353262495,-1.082252334,0.321068491,0.235093858,0.318297071,-0.815314815,-0.303130872,-0.759325524
NA,1977,NA,NA,NA,NA,NA,NA,NA,NA,NA,NA,NA,NA,NA,yircr12s,0.3679,1.3946,0.5162,y,ir,yircr,s,-0.999944117,0.136836495,-1.042991322,0.332607636,0.359465602,0.321512491,-0.661260992,0.278677695,-0.715791528
NA,1976,NA,NA,NA,NA,NA,NA,NA,NA,NA,NA,NA,NA,NA,yircr12s,0.3708,1.3646,0.5113,y,ir,yircr,s,-0.992092445,0.164926166,-1.030950425,0.310861345,0.125078719,0.335063722,-0.670798777,0.242656745,-0.688329273
NA,1975,NA,NA,NA,NA,NA,NA,NA,NA,NA,NA,NA,NA,NA,yircr12s,0.3326,1.4358,0.4805,y,ir,yircr,s,-1.100814712,-0.224032117,-1.061580821,0.361722185,0.673269398,0.347888071,-0.732928051,0.00801574,-0.706236901
NA,1974,NA,NA,NA,NA,NA,NA,NA,NA,NA,NA,NA,NA,NA,yircr12s,0.3356,1.4493,0.4892,y,ir,yircr,s,-1.091835304,-0.191907924,-1.166341585,0.371080681,0.774137577,0.373051037,-0.714983875,0.07578475,-0.787651146
NA,1973,NA,NA,NA,NA,NA,NA,NA,NA,NA,NA,NA,NA,NA,yircr12s,0.2708,1.4716,0.4005,y,ir,yircr,s,-1.306374738,-0.959431375,-1.098641463,0.386350244,0.938716695,0.35648803,-0.915041512,-0.679764481,-0.737747503
NA,1972,NA,NA,NA,NA,NA,NA,NA,NA,NA,NA,NA,NA,NA,yircr12s,0.4075,1.3662,0.5581,y,ir,yircr,s,-0.897714346,0.50256761,-1.104654855,0.312033163,0.137708862,0.315471558,-0.583217121,0.573422686,-0.782608578
NA,1971,NA,NA,NA,NA,NA,NA,NA,NA,NA,NA,NA,NA,NA,yircr12s,0.3296,1.2815,0.4276,y,ir,yircr,s,-1.109875481,-0.256447381,-1.117324928,0.248031267,-0.552119368,0.27488566,-0.8495671,-0.432490031,-0.834172517
NA,1970,NA,NA,NA,NA,NA,NA,NA,NA,NA,NA,NA,NA,NA,yircr12s,0.2607,1.3029,0.3431,y,ir,yircr,s,-1.344384958,-1.095414466,-1.161893826,0.264592549,-0.373617781,0.282197641,-1.069733329,-1.263982533,-0.869485196
NA,1969,NA,NA,NA,NA,NA,NA,NA,NA,NA,NA,NA,NA,NA,yircr12s,0.3565,1.3965,0.502,y,ir,yircr,s,-1.031421039,0.02422654,-1.183838445,0.333969106,0.374139868,0.292972318,-0.689155159,0.173330971,-0.885043842
NA,1968,NA,NA,NA,NA,NA,NA,NA,NA,NA,NA,NA,NA,NA,yircr12s,0.3086,1.3236,0.4081,y,ir,yircr,s,-1.175709339,-0.491970656,-0.956712134,0.280355297,-0.203722996,0.306803689,-0.896243037,-0.608769071,-0.649315834
NA,1967,NA,NA,NA,NA,NA,NA,NA,NA,NA,NA,NA,NA,NA,yircr12s,0.5153,1.3581,0.6959,y,ir,yircr,s,-0.663006024,1.342246073,-0.912143236,0.306086664,0.073616026,0.3127651,-0.362549307,1.406809501,-0.598711024
NA,1966,NA,NA,NA,NA,NA,NA,NA,NA,NA,NA,NA,NA,NA,yircr12s,0.4075,1.4217,0.5843,y,ir,yircr,s,-0.897714346,0.50256761,-0.800479972,0.351853339,0.566900535,0.329560522,-0.537340729,0.746682117,-0.470238553
NA,1965,NA,NA,NA,NA,NA,NA,NA,NA,NA,NA,NA,NA,NA,yircr12s,0.4314,1.392,0.6,y,ir,yircr,s,-0.840719545,0.706468804,-0.881179145,0.330741562,0.339352597,0.339427038,-0.510825624,0.846820597,-0.539462729
NA,1964,NA,NA,NA,NA,NA,NA,NA,NA,NA,NA,NA,NA,NA,yircr12s,0.4045,1.3989,0.5654,y,ir,yircr,s,-0.905103542,0.476132464,-0.901412915,0.335686214,0.392647272,0.328124095,-0.570221834,0.622501439,-0.571284136
NA,1963,NA,NA,NA,NA,NA,NA,NA,NA,NA,NA,NA,NA,NA,yircr12s,0.3835,1.3743,0.5311,y,ir,yircr,s,-0.958415658,0.285406226,-0.959416668,0.317944511,0.201422821,0.341892308,-0.632804952,0.386146421,-0.610128742
NA,1962,NA,NA,NA,NA,NA,NA,NA,NA,NA,NA,NA,NA,NA,yircr12s,0.3625,1.4507,0.534,y,ir,yircr,s,-1.014730805,0.083936525,-1.021660589,0.372046199,0.784544161,0.374292138,-0.62735944,0.406712254,-0.638993214
NA,1961,NA,NA,NA,NA,NA,NA,NA,NA,NA,NA,NA,NA,NA,yircr12s,0.3356,1.5417,0.5185,y,ir,yircr,s,-1.091835304,-0.191907924,-1.01401322,0.432885704,1.440287357,0.36859232,-0.656815251,0.295467735,-0.638366176
NA,1960,NA,NA,NA,NA,NA,NA,NA,NA,NA,NA,NA,NA,NA,yircr12s,0.3924,1.351,0.5321,y,ir,yircr,s,-0.935473551,0.367482536,-0.972643947,0.300845059,0.017120713,0.333668675,-0.630923837,0.393250745,-0.638803417
NA,1959,NA,NA,NA,NA,NA,NA,NA,NA,NA,NA,NA,NA,NA,yircr12s,0.4104,1.3064,0.5333,y,ir,yircr,s,-0.890622985,0.52793724,-0.9081006,0.267275263,-0.344702834,0.259271275,-0.628671161,0.401758331,-0.648390305
NA,1958,NA,NA,NA,NA,NA,NA,NA,NA,NA,NA,NA,NA,NA,yircr12s,0.4073,1.2333,0.5038,y,ir,yircr,s,-0.898205264,0.500811331,-0.900541697,0.209693504,-0.965333239,0.234595188,-0.685575915,0.186848551,-0.664497117
NA,1957,NA,NA,NA,NA,NA,NA,NA,NA,NA,NA,NA,NA,NA,yircr12s,0.4014,1.2546,0.507,y,ir,yircr,s,-0.912796843,0.448609373,-0.886311167,0.226816797,-0.780774161,0.226642319,-0.679244275,0.210760987,-0.653069533
NA,1956,NA,NA,NA,NA,NA,NA,NA,NA,NA,NA,NA,NA,NA,yircr12s,0.4283,1.2756,0.5519,y,ir,yircr,s,-0.847931394,0.680668123,-0.855830715,0.243416656,-0.601856781,0.247058734,-0.594388409,0.531232556,-0.599913722
NA,1955,NA,NA,NA,NA,NA,NA,NA,NA,NA,NA,NA,NA,NA,yircr12s,0.4463,1.3112,0.5909,y,ir,yircr,s,-0.806763907,0.827946463,-0.871123917,0.270942748,-0.305173767,0.252853233,-0.526108481,0.789102477,-0.606822432
NA,1954,NA,NA,NA,NA,NA,NA,NA,NA,NA,NA,NA,NA,NA,yircr12s,0.3834,1.2766,0.4966,y,ir,yircr,s,-0.958676448,0.284473238,-0.932380646,0.244200294,-0.59341054,0.259040872,-0.699970406,0.132485485,-0.665441039
NA,1953,NA,NA,NA,NA,NA,NA,NA,NA,NA,NA,NA,NA,NA,yircr12s,0.3564,1.2995,0.4629,y,ir,yircr,s,-1.031701583,0.023222881,-0.960414904,0.261979575,-0.401781061,0.257614191,-0.770244231,-0.132914702,-0.696641833
NA,1952,NA,NA,NA,NA,NA,NA,NA,NA,NA,NA,NA,NA,NA,yircr12s,0.4103,1.3056,0.5381,y,ir,yircr,s,-0.89086668,0.527065413,-0.905325955,0.266662705,-0.351305129,0.254386963,-0.619710862,0.435598314,-0.65321549
NA,1951,NA,NA,NA,NA,NA,NA,NA,NA,NA,NA,NA,NA,NA,yircr12s,0.4523,1.2643,0.5657,y,ir,yircr,s,-0.793409602,0.875722026,-0.881071196,0.234518609,-0.697762125,0.251320445,-0.569691377,0.624504794,-0.625588725
NA,1950,NA,NA,NA,NA,NA,NA,NA,NA,NA,NA,NA,NA,NA,yircr12s,0.3833,1.2876,0.5029,y,ir,yircr,s,-0.958937307,0.283540008,-0.873759023,0.25278002,-0.50093613,0.233410072,-0.687363936,0.180095809,-0.63654551
NA,1949,NA,NA,NA,NA,NA,NA,NA,NA,NA,NA,NA,NA,NA,yircr12s,0.4194,1.2373,0.5207,y,ir,yircr,s,-0.868930161,0.605544192,-0.906244716,0.212931586,-0.930432385,0.250972855,-0.652581219,0.311458227,-0.644174427
NA,1948,NA,NA,NA,NA,NA,NA,NA,NA,NA,NA,NA,NA,NA,yircr12s,0.4103,1.3327,0.5529,y,ir,yircr,s,-0.89086668,0.527065413,-0.873945386,0.28720696,-0.129874087,0.245938656,-0.592578126,0.538069375,-0.622181386
NA,1947,NA,NA,NA,NA,NA,NA,NA,NA,NA,NA,NA,NA,NA,yircr12s,0.4223,1.2683,0.5372,y,ir,yircr,s,-0.862039317,0.630196462,-0.833714381,0.237677421,-0.663715672,0.263568069,-0.621384814,0.429276371,-0.561268861
NA,1946,NA,NA,NA,NA,NA,NA,NA,NA,NA,NA,NA,NA,NA,yircr12s,0.4732,1.3045,0.6251,y,ir,yircr,s,-0.748237147,1.037328302,-0.856317637,0.265819826,-0.360389893,0.261888046,-0.469843642,1.001595517,-0.58930397
NA,1945,NA,NA,NA,NA,NA,NA,NA,NA,NA,NA,NA,NA,NA,yircr12s,0.3834,1.326,0.5083,y,ir,yircr,s,-0.958676448,0.284473238,-0.930048261,0.282166892,-0.184197181,0.28163368,-0.676683455,0.220432331,-0.643272609
NA,1944,NA,NA,NA,NA,NA,NA,NA,NA,NA,NA,NA,NA,NA,yircr12s,0.3385,1.3457,0.4569,y,ir,yircr,s,-1.083231187,-0.161126347,-1.018971447,0.296914324,-0.025245721,0.307556973,-0.78329073,-0.182186866,-0.706497728
NA,1943,NA,NA,NA,NA,NA,NA,NA,NA,NA,NA,NA,NA,NA,yircr12s,0.3624,1.41,0.5171,y,ir,yircr,s,-1.015006705,0.082949481,-1.104536247,0.343589704,0.477833047,0.32939959,-0.659519,0.285256603,-0.772253207
NA,1942,NA,NA,NA,NA,NA,NA,NA,NA,NA,NA,NA,NA,NA,yircr12s,0.2966,1.4158,0.4173,y,ir,yircr,s,-1.215370849,-0.633861304,-1.18790001,0.347694742,0.522078159,0.342752186,-0.873949891,-0.524575491,-0.842303561
NA,1941,NA,NA,NA,NA,NA,NA,NA,NA,NA,NA,NA,NA,NA,yircr12s,0.2636,1.4007,0.3703,y,ir,yircr,s,-1.333322476,-1.055837993,-1.179722985,0.336972112,0.406507,0.344167616,-0.993441791,-0.975855502,-0.827119355
NA,1940,NA,NA,NA,NA,NA,NA,NA,NA,NA,NA,NA,NA,NA,yircr12s,0.3714,1.416,0.5412,y,ir,yircr,s,-0.99047563,0.170710387,-1.122262164,0.347835995,0.523600617,0.333911133,-0.613966383,0.457293248,-0.774949349
NA,1939,NA,NA,NA,NA,NA,NA,NA,NA,NA,NA,NA,NA,NA,yircr12s,0.3524,1.3729,0.488,y,ir,yircr,s,-1.042988385,-0.017156105,-1.105613614,0.316925291,0.19043742,0.316521406,-0.717439873,0.066509286,-0.77521951
NA,1938,NA,NA,NA,NA,NA,NA,NA,NA,NA,NA,NA,NA,NA,yircr12s,0.2771,1.3295,0.37,y,ir,yircr,s,-1.283376827,-0.877155424,-1.123117866,0.284802932,-0.155785293,0.297410437,-0.994252273,-0.978916417,-0.819061936
NA,1937,NA,NA,NA,NA,NA,NA,NA,NA,NA,NA,NA,NA,NA,yircr12s,0.3524,1.3371,0.4745,y,ir,yircr,s,-1.042988385,-0.017156105,-1.159248522,0.29050309,-0.094347584,0.295511236,-0.745493661,-0.03944027,-0.857385061
NA,1936,NA,NA,NA,NA,NA,NA,NA,NA,NA,NA,NA,NA,NA,yircr12s,0.3162,1.3651,0.435,y,ir,yircr,s,-1.151380354,-0.404932734,-1.174005635,0.311227686,0.129027229,0.317603364,-0.832409248,-0.367690697,-0.847794628
NA,1935,NA,NA,NA,NA,NA,NA,NA,NA,NA,NA,NA,NA,NA,yircr12s,0.2651,1.4206,0.3808,y,ir,yircr,s,-1.327648166,-1.035537918,-1.174005635,0.351079318,0.558557945,0.345174788,-0.965480976,-0.870257073,-0.821919866
NA,1934,NA,NA,NA,NA,NA,NA,NA,NA,NA,NA,NA,NA,NA,yircr12s,0.3524,1.4524,0.5128,y,ir,yircr,s,-1.042988385,-0.017156105,-1.236682442,0.373217361,0.797167234,0.346417798,-0.667869373,0.253720099,-0.887416675
NA,1933,NA,NA,NA,NA,NA,NA,NA,NA,NA,NA,NA,NA,NA,yircr12s,0.262,1.3702,0.3574,y,ir,yircr,s,-1.339410775,-1.077619127,-1.165408872,0.314956715,0.169219619,0.337717311,-1.028899676,-1.1097678,-0.827490071
NA,1932,NA,NA,NA,NA,NA,NA,NA,NA,NA,NA,NA,NA,NA,yircr12s,0.3283,1.384,0.4558,y,ir,yircr,s,-1.113827454,-0.270585725,-1.195273679,0.324977857,0.277229966,0.306208784,-0.785701162,-0.191290242,-0.890010561
NA,1931,NA,NA,NA,NA,NA,NA,NA,NA,NA,NA,NA,NA,NA,yircr12s,0.3222,1.3214,0.4251,y,ir,yircr,s,-1.132582808,-0.337683758,-1.110965457,0.278691781,-0.221652787,0.298555795,-0.855430844,-0.454635385,-0.810189949
NA,1930,NA,NA,NA,NA,NA,NA,NA,NA,NA,NA,NA,NA,NA,yircr12s,0.3374,1.3391,0.4541,y,ir,yircr,s,-1.086486109,-0.172770962,-1.101851675,0.291997747,-0.078237803,0.268191725,-0.789437841,-0.205402398,-0.832337199
NA,1929,NA,NA,NA,NA,NA,NA,NA,NA,NA,NA,NA,NA,NA,yircr12s,0.3374,1.2635,0.4265,y,ir,yircr,s,-1.086486109,-0.172770962,-1.049936483,0.233885648,-0.70458434,0.269425502,-0.852142912,-0.442217993,-0.781054471
NA,1928,NA,NA,NA,NA,NA,NA,NA,NA,NA,NA,NA,NA,NA,yircr12s,0.3765,1.3263,0.4958,y,ir,yircr,s,-0.97683723200000006,0.219502306,-0.985299182,0.282393111,-0.18175894,0.271212949,-0.701582659,0.126396556,-0.714591598
NA,1927,NA,NA,NA,NA,NA,NA,NA,NA,NA,NA,NA,NA,NA,yircr12s,0.4096,1.3463,0.5543,y,ir,yircr,s,-0.892574205,0.520956671,-0.87488227,0.297360089,-0.020441153,0.294985295,-0.590049223,0.547620177,-0.577281242
NA,1926,NA,NA,NA,NA,NA,NA,NA,NA,NA,NA,NA,NA,NA,yircr12s,0.4699,1.3569,0.6439,y,ir,yircr,s,-0.755235373,1.012291867,-0.854200478,0.305202686,0.064088294,0.286792749,-0.440211844,1.113504676,-0.561524075
NA,1925,NA,NA,NA,NA,NA,NA,NA,NA,NA,NA,NA,NA,NA,yircr12s,0.4006,1.2941,0.5198,y,ir,yircr,s,-0.914791856,0.441472133,-0.887733002,0.257815473,-0.446662782,0.264153941,-0.654311157,0.304924843,-0.619078215
NA,1924,NA,NA,NA,NA,NA,NA,NA,NA,NA,NA,NA,NA,NA,yircr12s,0.3704,1.2579,0.4664,y,ir,yircr,s,-0.993171776,0.161064816,-0.966955155,0.229443664,-0.752461139,0.241645519,-0.762711644,-0.104466699,-0.72380243
NA,1923,NA,NA,NA,NA,NA,NA,NA,NA,NA,NA,NA,NA,NA,yircr12s,0.3705,1.2683,0.4703,y,ir,yircr,s,-0.992901834,0.162030544,-0.982366745,0.237677421,-0.663715672,0.253487372,-0.75438449,-0.073017888,-0.726442071
NA,1922,NA,NA,NA,NA,NA,NA,NA,NA,NA,NA,NA,NA,NA,yircr12s,0.3825,1.3409,0.5157,y,ir,yircr,s,-0.961026626,0.276065384,-0.993344686,0.29334103,-0.063759559,0.288424649,-0.662230078,0.275017788,-0.70020127
NA,1921,NA,NA,NA,NA,NA,NA,NA,NA,NA,NA,NA,NA,NA,yircr12s,0.3584,1.3969,0.5046,y,ir,yircr,s,-1.026105598,0.043242744,-0.990656499,0.334255496,0.377226643,0.318726863,-0.683989243,0.192840869,-0.665563409
NA,1920,NA,NA,NA,NA,NA,NA,NA,NA,NA,NA,NA,NA,NA,yircr12s,0.3735,1.389,0.5218,y,ir,yircr,s,-0.984837274,0.190881831,-0.998325752,0.328584064,0.31609855,0.329825962,-0.650470906,0.319428155,-0.663437182
NA,1919,NA,NA,NA,NA,NA,NA,NA,NA,NA,NA,NA,NA,NA,yircr12s,0.3738,1.3863,0.519,y,ir,yircr,s,-0.984034384,0.193754204,-1.02403152,0.326638328,0.295126925,0.330255208,-0.655851396,0.299107888,-0.689035377
NA,1918,NA,NA,NA,NA,NA,NA,NA,NA,NA,NA,NA,NA,NA,yircr12s,0.3318,1.3987,0.4673,y,ir,yircr,s,-1.103222901,-0.23264751,-1.005291222,0.335543234,0.391106202,0.332360378,-0.760783829,-0.097186003000000007,-0.669858382
NA,1917,NA,NA,NA,NA,NA,NA,NA,NA,NA,NA,NA,NA,NA,yircr12s,0.3951,1.3978,0.5527,y,ir,yircr,s,-0.928616382,0.392014336,-1.080163226,0.334899572,0.384168656,0.327833395,-0.59293992,0.536703001,-0.751134405
NA,1916,NA,NA,NA,NA,NA,NA,NA,NA,NA,NA,NA,NA,NA,yircr12s,0.2986,1.3676,0.4067,y,ir,yircr,s,-1.208650394,-0.609818604,-1.083190797,0.313057379,0.148748109,0.329094085,-0.899679466,-0.621747289,-0.756237829
NA,1915,NA,NA,NA,NA,NA,NA,NA,NA,NA,NA,NA,NA,NA,yircr12s,0.3288,1.404,0.4602,y,ir,yircr,s,-1.112305616,-0.265141286,-1.112355692,0.339325306,0.431870304,0.319637015,-0.776094101,-0.155007661,-0.794204692
NA,1914,NA,NA,NA,NA,NA,NA,NA,NA,NA,NA,NA,NA,NA,yircr12s,0.362,1.3587,0.4932,y,ir,yircr,s,-1.016111067,0.07899858,-1.05666241,0.30652836,0.078376736,0.306614137,-0.706840508,0.106539462,-0.749479151
NA,1913,NA,NA,NA,NA,NA,NA,NA,NA,NA,NA,NA,NA,NA,yircr12s,0.3529,1.3152,0.4651,y,ir,yircr,s,-1.041570548,-0.012083738,-1.062904598,0.273988745,-0.272343261,0.283234732,-0.765502843,-0.115008102,-0.77860149
NA,1912,NA,NA,NA,NA,NA,NA,NA,NA,NA,NA,NA,NA,NA,yircr12s,0.3227,1.3089,0.4217,y,ir,yircr,s,-1.13103218,-0.332136322,-1.091941876,0.26918709,-0.324096689,0.267486144,-0.863461118,-0.484962984,-0.823614398
NA,1911,NA,NA,NA,NA,NA,NA,NA,NA,NA,NA,NA,NA,NA,yircr12s,0.3318,1.296,0.4309,y,ir,yircr,s,-1.103222901,-0.23264751,-1.131191082,0.259282598,-0.430849746,0.253748896,-0.841879234,-0.403455595,-0.875296714
NA,1910,NA,NA,NA,NA,NA,NA,NA,NA,NA,NA,NA,NA,NA,yircr12s,0.3137,1.2621,0.3983,y,ir,yircr,s,-1.159318164,-0.433330567,-1.092699933,0.232777,-0.716533617,0.274195207,-0.920549789,-0.700567355,-0.815670991
NA,1909,NA,NA,NA,NA,NA,NA,NA,NA,NA,NA,NA,NA,NA,yircr12s,0.3622,1.3917,0.5043,y,ir,yircr,s,-1.015558734,0.080974576,-1.055117509,0.330526021,0.337029449,0.291998243,-0.68458395,0.190594864,-0.763371452
NA,1908,NA,NA,NA,NA,NA,NA,NA,NA,NA,NA,NA,NA,NA,yircr12s,0.3714,1.3671,0.5041,y,ir,yircr,s,-0.99047563,0.170710387,-1.001721125,0.312691708,0.144806818,0.323765902,-0.684980618,0.189096785,-0.681165843
NA,1907,NA,NA,NA,NA,NA,NA,NA,NA,NA,NA,NA,NA,NA,yircr12s,0.3682,1.3883,0.5097,y,ir,yircr,s,-0.99912901,0.139752572,-1.027942194,0.328079977,0.310665379,0.305755471,-0.673932962,0.230820002,-0.726025867
NA,1906,NA,NA,NA,NA,NA,NA,NA,NA,NA,NA,NA,NA,NA,yircr12s,0.3348,1.3185,0.4408,y,ir,yircr,s,-1.09422194,-0.20044621,-1.033553694,0.276494727,-0.245333175,0.306267111,-0.819164021,-0.317668008,-0.731694371
NA,1905,NA,NA,NA,NA,NA,NA,NA,NA,NA,NA,NA,NA,NA,yircr12s,0.3652,1.3692,0.4956,y,ir,yircr,s,-1.00731013,0.110484286,-1.110502226,0.314226628,0.161350562,0.320577678,-0.701986129,0.124872788,-0.792272087
NA,1904,NA,NA,NA,NA,NA,NA,NA,NA,NA,NA,NA,NA,NA,yircr12s,0.2923,1.4492,0.425,y,ir,yircr,s,-1.229974607,-0.686106834,-1.159307175,0.37101168,0.773393865,0.348986831,-0.85566611,-0.455523906,-0.813019523
NA,1903,NA,NA,NA,NA,NA,NA,NA,NA,NA,NA,NA,NA,NA,yircr12s,0.2892,1.4358,0.4142,y,ir,yircr,s,-1.240636789,-0.724251218,-1.194609946,0.361722185,0.673269398,0.354683325,-0.88140633,-0.552735908,-0.841144001
NA,1902,NA,NA,NA,NA,NA,NA,NA,NA,NA,NA,NA,NA,NA,yircr12s,0.3285,1.3928,0.4555,y,ir,yircr,s,-1.113218441,-0.268406955,-1.171270383,0.331316109,0.345545213,0.330306064,-0.786359562,-0.193776794,-0.842637538
NA,1901,NA,NA,NA,NA,NA,NA,NA,NA,NA,NA,NA,NA,NA,yircr12s,0.3135,1.347,0.4231,y,ir,yircr,s,-1.159955919,-0.435612162,-1.119393215,0.297879897,-0.01483853,0.290923147,-0.860146721,-0.472445641,-0.828457706
NA,1900,NA,NA,NA,NA,NA,NA,NA,NA,NA,NA,NA,NA,NA,yircr12s,0.3379,1.2758,0.4322,y,ir,yircr,s,-1.085005285,-0.167473256,-1.089519596,0.243573433,-0.600167003,0.258551836,-0.838866835,-0.392078793,-0.828165116
NA,1899,NA,NA,NA,NA,NA,NA,NA,NA,NA,NA,NA,NA,NA,yircr12s,0.3593,1.2639,0.4559,y,ir,yircr,s,-1.023597585,0.052215262,-1.025044939,0.234202179,-0.701172692,0.237088485,-0.785481792,-0.190461755,-0.787218901
NA,1898,NA,NA,NA,NA,NA,NA,NA,NA,NA,NA,NA,NA,NA,yircr12s,0.3804,1.263,0.4784,y,ir,yircr,s,-0.966531948,0.256369872,-1.007557741,0.233489843,-0.708850418,0.240855591,-0.737308076,-0.008526118,-0.767237609
NA,1897,NA,NA,NA,NA,NA,NA,NA,NA,NA,NA,NA,NA,NA,yircr12s,0.3561,1.2903,0.4589,y,ir,yircr,s,-1.032543689,0.020210216,-1.019264787,0.254874749,-0.478358624,0.24691874,-0.778922958,-0.165691283,-0.773511088
NA,1896,NA,NA,NA,NA,NA,NA,NA,NA,NA,NA,NA,NA,NA,yircr12s,0.3469,1.2871,0.4474,y,ir,yircr,s,-1.058718725,-0.073432029,-1.083739444,0.252391626,-0.505122345,0.237523923,-0.80430223,-0.261540109,-0.845825809
NA,1895,NA,NA,NA,NA,NA,NA,NA,NA,NA,NA,NA,NA,NA,yircr12s,0.3135,1.2279,0.3851,y,ir,yircr,s,-1.159955919,-0.435612162,-1.038469292,0.205305393,-1.012629375,0.230527556,-0.954252238,-0.827849973,-0.80615343800000006
NA,1894,NA,NA,NA,NA,NA,NA,NA,NA,NA,NA,NA,NA,NA,yircr12s,0.4079,1.2635,0.5169,y,ir,yircr,s,-0.896733233,0.506077584,-1.044285084,0.233885648,-0.70458434,0.239823595,-0.659905847,0.283795614,-0.803851762
NA,1893,NA,NA,NA,NA,NA,NA,NA,NA,NA,NA,NA,NA,NA,yircr12s,0.3409,1.3235,0.4505,y,ir,yircr,s,-1.0761661,-0.135850714,-1.034643837,0.280279743,-0.20453734,0.260888215,-0.797397202,-0.235462181,-0.773746183
NA,1892,NA,NA,NA,NA,NA,NA,NA,NA,NA,NA,NA,NA,NA,yircr12s,0.3227,1.308,0.4215,y,ir,yircr,s,-1.13103218,-0.332136322,-1.145838353,0.268499253,-0.331510363,0.283873527,-0.863935502,-0.486754567,-0.862557924
NA,1891,NA,NA,NA,NA,NA,NA,NA,NA,NA,NA,NA,NA,NA,yircr12s,0.2922,1.3537,0.396,y,ir,yircr,s,-1.23031678,-0.687330971,-1.20788578,0.302841584,0.038639754,0.316112627,-0.926341068,-0.722439034,-0.891447385
NA,1890,NA,NA,NA,NA,NA,NA,NA,NA,NA,NA,NA,NA,NA,yircr12s,0.283,1.4579,0.4131,y,ir,yircr,s,-1.262308381,-0.801782212,-1.246312581,0.376997044,0.837905596,0.339919314,-0.884065585,-0.562779002,-0.905203326
