Name,Alignment,Intelligence,Strength,Speed,Durability,Power,Combat,Total,X1,X2,cluster
3-D Man,good,50,31,43,32,25,52,233,3.5942082,-3.2851942,0
A-Bomb,good,38,100,17,80,17,64,316,19.07735,4.4717884,0
Abe Sapien,good,88,14,35,42,35,85,299,8.526597,-8.879283,0
Abin Sur,good,50,90,53,64,84,65,406,25.172022,0.44021598,0
Abomination,bad,63,80,53,90,55,95,436,23.20325,3.5126235,0
Abraxas,bad,88,100,83,99,100,56,526,29.294035,7.172184,0
Adam Monroe,good,63,10,12,100,71,64,320,13.039087,9.382117,0
Adam Strange,good,1,1,1,1,0,1,5,-26.003178,-1.117545,2
Agent  13,good,1,1,1,1,0,1,5,-28.365852,-0.07219541,2
Agent Bob,good,10,8,13,5,5,20,61,-7.2636914,-0.89895797,2
Agent Zero,good,75,28,38,80,72,95,388,15.199111,6.0752883,0
Air-Walker,bad,50,85,100,85,100,40,460,28.00679,8.375391,0
Alan Scott,good,63,80,23,90,98,32,386,21.380957,8.818332,0
Alex Woolsly,good,1,1,1,1,0,1,5,-25.753149,-4.542245,2
Alfred Pennyworth,good,63,10,17,10,7,55,162,1.8242213,-7.19163,0
Allan Quatermain,good,1,1,1,1,0,1,5,-27.812332,-1.2596856,2
Amazo,bad,75,100,100,100,100,100,575,31.247255,7.303691,0
Ammo,bad,1,1,1,1,0,1,5,-28.847116,-1.3082045,2
Ando Masahashi,good,1,1,1,1,0,1,5,-26.360119,-3.782663,2
Angel,good,63,13,46,64,17,42,245,8.768634,5.214066,0
Angel Salvadore,good,38,10,28,28,46,60,210,2.0691555,-1.0967919,0
Angela,bad,1,1,1,1,0,1,5,-26.569937,-1.1217757,2
Animal Man,good,56,48,47,85,73,80,389,16.867363,7.113008,0
Annihilus,bad,75,80,47,56,59,64,381,22.704302,0.50860906,0
Ant-Man,good,100,10,23,28,32,32,225,-1.5547813,-6.187087,0
Ant-Man II,good,63,10,23,28,32,28,184,-0.04786578,-3.5092041,0
Anti-Monitor,bad,88,90,38,90,100,90,496,28.158575,2.9073796,0
Anti-Spawn,bad,1,1,1,1,0,1,5,-28.216888,-1.6518521,2
Apocalypse,bad,100,100,33,100,100,60,493,29.250826,3.3441556,0
Aquababy,good,10,16,12,14,37,14,103,-5.246836,-0.4335814,2
Aqualad,good,63,44,42,75,76,60,360,16.33026,7.3694444,0
Aquaman,good,63,80,50,80,65,80,418,23.325624,3.4477887,0
Arachne,good,1,1,1,1,0,1,5,-26.788095,-2.8297322,2
Archangel,good,63,13,58,64,28,42,268,8.564822,5.4662294,0
Arclight,bad,38,63,23,42,52,70,288,12.643014,-1.9535776,0
Ariel,good,50,10,12,14,72,28,186,-2.3671288,-1.1421422,0
Armor,good,50,63,12,80,55,54,314,19.842228,6.2702737,0
Arsenal,good,1,1,1,1,0,1,5,-26.725224,-1.9829909,2
Astro Boy,good,1,1,1,1,0,1,5,-28.002064,-2.4241319,2
Atlas,good,50,80,23,99,69,42,363,21.538765,7.818859,0
Atom,good,1,1,1,1,0,1,5,-25.588196,-2.8437233,2
Atom Girl,good,38,10,23,28,38,42,179,0.8977128,-1.8945994,0
Atom I,good,1,1,1,1,0,1,5,-27.04165,-3.1910443,2
Atom II,good,1,1,1,1,0,1,5,-27.158869,-4.72049,2
Atom III,good,1,1,1,1,0,1,5,-28.334816,-1.1756216,2
Atom IV,good,1,1,1,1,0,1,5,-27.316711,-3.876632,2
Aurora,good,50,15,83,56,69,56,329,6.4524813,8.297049,0
Azazel,bad,50,11,47,95,87,80,370,15.325217,10.377997,0
Azrael,good,63,18,17,20,35,80,233,5.816777,-7.107305,0
Aztar,good,1,1,1,1,0,1,5,-26.384207,-5.451688,2
Bane,bad,88,53,23,56,51,95,366,12.260028,-4.3837686,0
Banshee,good,50,10,58,42,60,70,290,5.116524,4.3476043,0
Bantam,good,25,53,23,54,21,56,232,13.74497,-0.34958977,0
Batgirl I,good,1,1,1,1,0,1,5,-26.916485,-5.1931925,2
Batgirl II,good,1,1,1,1,0,1,5,-26.496243,-0.5883388,2
Batgirl III,good,1,1,1,1,0,1,5,-25.98727,-5.0095563,2
Batgirl IV,good,69,12,27,56,42,100,306,9.654233,-6.900747,0
Batgirl V,good,1,1,1,1,0,1,5,-26.417824,-2.4077108,2
Batgirl VI,good,75,10,23,28,22,80,238,6.591768,-8.437001,0
Batman,good,100,18,27,42,37,100,324,9.351767,-8.660136,0
Batman II,good,88,11,33,28,36,100,296,8.571701,-8.355778,0
Battlestar,good,50,53,35,74,48,74,334,17.606024,2.7062917,0
Beak,good,1,1,1,1,0,1,5,-27.007292,-1.431222,2
Beast,good,88,48,35,56,35,84,346,12.243135,-4.399663,0
Beast Boy,good,50,28,50,70,79,40,317,8.845674,9.459404,0
Beetle,bad,1,1,1,1,0,1,5,-26.33648,-3.4123085,2
Ben 10,good,10,7,8,10,90,40,165,-2.512945,0.88550776,0
Beta Ray Bill,good,63,80,35,95,100,84,457,27.140335,2.6323366,0
Beyonder,good,88,100,23,100,100,56,467,29.2815,3.1909091,0
Big Barda,good,63,90,23,85,42,72,375,21.225843,4.7585096,0
Big Daddy,good,38,10,12,32,22,64,178,3.7978609,-5.306491,0
Big Man,bad,75,12,23,28,19,70,227,6.059184,-8.749561,0
Bill Harken,good,63,36,33,60,23,40,255,11.137461,2.793644,0
Billy Kincaid,bad,1,1,1,1,0,1,5,-26.531658,-4.6769676,2
Binary,good,1,1,1,1,0,1,5,-26.248789,-3.0763478,2
Bird-Brain,good,25,10,35,28,21,42,161,2.490082,-4.0488715,0
Bird-Man,bad,1,1,1,1,0,1,5,-27.034378,-2.5531585,2
Bird-Man II,bad,1,1,1,1,0,1,5,-26.341436,-1.7497673,2
Birdman,good,1,1,1,1,0,1,5,-28.484917,-0.659254,2
Bishop,good,63,14,23,75,85,65,325,12.656375,9.472339,0
Bizarro,neutral,75,95,100,100,95,85,550,30.866049,7.307826,0
Black Abbott,bad,1,1,1,1,0,1,5,-27.61111,-4.445003,2
Black Adam,bad,88,100,92,100,89,56,525,29.31308,7.582689,0
Black Bolt,good,75,67,100,84,100,56,482,28.428307,8.132701,0
Black Canary I,good,1,1,1,1,0,1,5,-26.496555,-4.19621,2
Black Canary II,good,1,1,1,1,0,1,5,-28.998102,-0.10588094,2
Black Cat,good,75,16,33,10,23,70,227,5.1944966,-8.507153,0
Black Goliath,good,1,1,1,1,0,1,5,-25.518614,-3.6950176,2
Black Knight III,good,63,10,8,70,43,70,264,11.142814,9.918602,0
Black Lightning,good,50,11,53,28,70,75,287,5.0699096,3.8686097,0
Black Mamba,bad,75,10,35,42,78,65,305,5.4836636,2.1659467,0
Black Panther,good,88,16,30,60,41,100,335,9.856874,-7.7720494,0
Black Widow,good,75,13,27,32,32,100,279,8.155654,-7.705985,0
Black Widow II,good,1,1,1,1,0,1,5,-25.622639,-2.0867672,2
Blackout,bad,63,32,45,80,38,65,323,14.46353,3.6705601,0
Blackwing,bad,38,10,35,32,20,56,191,3.4908721,-4.226259,0
Blade,good,63,28,38,50,33,90,302,9.353845,-5.7395134,0
Blaquesmith,good,1,1,1,1,0,1,5,-27.672462,-0.11607132,2
Bling!,good,69,14,12,90,52,28,265,12.621257,7.0087557,0
Blink,good,50,8,20,28,55,64,225,3.2546089,-0.38652384,0
Blizzard,bad,1,1,1,1,0,1,5,-25.995808,-2.5074573,2
Blizzard I,bad,1,1,1,1,0,1,5,-28.40576,-5.4965887,2
Blizzard II,bad,38,10,27,42,47,56,220,1.8410479,-0.6694335,0
Blob,bad,10,83,23,95,26,72,309,19.068918,4.04749,0
Bloodaxe,bad,63,80,33,80,84,84,424,26.369242,2.2456045,0
Bloodhawk,good,50,10,50,80,66,64,320,10.160007,8.498835,0
Bloodwraith,bad,1,1,1,1,0,1,5,-27.05695,-0.30684757,2
Blue Beetle,good,1,1,1,1,0,1,5,-26.959696,-3.6136453,2
Blue Beetle I,good,1,1,1,1,0,1,5,-27.484901,-3.216989,2
Blue Beetle II,good,1,1,1,1,0,1,5,-29.020653,-6.049212,2
Blue Beetle III,good,50,34,58,80,97,30,349,8.71192,10.152972,0
Bolt,good,1,1,1,1,0,1,5,-27.278929,-0.8207206,2
Bomb Queen,bad,1,1,1,1,0,1,5,-29.599499,-0.256237,2
Boom Boom,good,38,10,12,42,56,64,222,1.8610404,0.33095127,0
Boomer,good,1,1,1,1,0,1,5,-27.471382,-2.603107,2
Booster Gold,good,56,85,53,50,72,40,356,24.478815,0.39682752,0
Box,good,1,1,1,1,0,1,5,-25.703875,-1.6173053,2
Box III,good,1,1,1,1,0,1,5,-27.821497,-5.965709,2
Box IV,good,50,75,23,28,11,56,243,12.887411,-0.5194027,0
Brainiac,bad,100,28,63,90,60,75,416,18.827288,-1.1997052,0
Brainiac 5,good,100,10,23,28,60,32,253,-1.8079422,-4.6100936,0
Brother Voodoo,good,1,1,1,1,0,1,5,-30.015434,-0.63983035,2
Bullseye,bad,50,11,25,70,20,70,246,10.863545,10.543903,0
Bumblebee,good,63,28,25,10,45,35,206,-1.0067341,-2.6694796,0
Bumbleboy,good,1,1,1,1,0,1,5,-27.617378,-5.033323,2
Bushido,good,38,10,8,10,19,70,155,3.1839392,-6.225453,0
Cable,good,88,48,23,56,100,80,395,13.372088,5.445524,0
Callisto,bad,63,53,23,42,45,85,311,11.706086,-3.2063518,0
Cameron Hicks,good,50,10,23,28,51,70,232,3.7904737,-0.63047266,0
Cannonball,good,50,28,67,99,79,56,379,15.852319,9.863791,0
Captain America,good,63,19,35,56,46,100,319,9.744504,-6.574757,0
Captain Atom,good,1,1,1,1,0,1,5,-29.693634,-1.0697637,2
Captain Britain,good,75,77,50,60,31,80,373,20.636713,1.4750254,0
Captain Epic,good,1,1,1,1,0,1,5,-29.064661,-4.445978,2
Captain Mar-vell,good,1,1,1,1,0,1,5,-27.054995,-4.2161837,2
Captain Marvel,good,100,100,67,95,62,56,480,26.09003,6.8916497,0
Captain Marvel II,good,75,81,27,90,34,56,363,20.711435,4.8008423,0
Captain Planet,good,1,1,1,1,0,1,5,-27.512655,-5.6194634,2
Captain Universe,good,1,1,1,1,0,1,5,-24.925291,-2.4402936,2
Carnage,bad,63,63,70,84,81,90,451,25.324661,3.8675444,0
Cat,good,1,1,1,1,0,1,5,-27.863947,-0.6340299,2
Cat II,good,1,1,1,1,0,1,5,-27.609013,-2.023487,2
Catwoman,good,63,13,33,28,24,85,246,6.6245556,-7.421651,0
Cecilia Reyes,good,1,1,1,1,0,1,5,-27.436636,-1.4312862,2
Century,good,88,80,53,64,74,100,459,23.787827,2.155254,0
Cerebra,good,1,1,1,1,0,1,5,-27.746126,-3.62465,2
Chamber,good,50,10,20,80,57,64,281,12.052722,8.558408,0
Chameleon,bad,88,10,12,28,28,28,194,-1.4470149,-6.3897085,0
Changeling,bad,63,10,23,42,64,64,266,4.4754624,1.6706902,0
Cheetah I,bad,1,1,1,1,0,1,5,-25.731995,-4.0791926,2
Cheetah II,bad,1,1,1,1,0,1,5,-27.212313,-2.0279412,2
Cheetah III,bad,1,1,1,1,0,1,5,-26.979502,-5.8056765,2
Chromos,bad,1,1,1,1,0,1,5,-27.799662,-2.9049773,2
Chuck Norris,good,50,80,47,56,42,99,374,20.531471,1.4923887,0
Claire Bennet,good,38,9,12,100,73,28,260,13.411439,8.36608,0
Clea,good,1,1,1,1,0,1,5,-28.072552,-3.415563,2
Cloak,good,63,10,47,64,74,56,314,9.529308,8.36073,0
Cogliostro,bad,1,1,1,1,0,1,5,-27.873253,-4.083103,2
Colin Wagner,good,1,1,1,1,0,1,5,-28.247782,-2.848102,2
Colossal Boy,good,1,1,1,1,0,1,5,-29.696804,-5.8895254,2
Colossus,good,63,83,33,100,46,80,405,21.91524,4.903825,0
Corsair,good,1,1,1,1,0,1,5,-29.20775,-2.4013748,2
Crimson Crusader,good,1,1,1,1,0,1,5,-29.413776,-4.211575,2
Crimson Dynamo I,good,1,1,1,1,0,1,5,-29.130203,-2.7343755,2
Crystal,good,63,16,12,14,57,56,218,3.1937528,0.45601088,0
Curse,bad,1,1,1,1,0,1,5,-28.456343,-4.202727,2
Cy-Gor,bad,1,1,1,1,0,1,5,-28.116879,-4.580638,2
Cyborg,good,75,53,42,85,72,64,391,17.981873,7.3540783,0
Cyborg Superman,bad,75,93,92,100,100,80,540,30.495596,7.128272,0
Cyclops,good,75,10,23,42,76,80,306,6.0362105,1.4652364,0
Cypher,good,1,1,1,1,0,1,5,-28.463587,-3.8195953,2
Dagger,good,63,10,35,42,52,70,272,4.7167206,1.203823,0
Danny Cooper,good,1,1,1,1,0,1,5,-29.387596,-1.7542297,2
Daphne Powell,good,38,10,8,10,56,10,132,-3.3598518,-0.99777424,0
Daredevil,good,75,13,27,28,57,95,295,6.3794284,-0.5806654,0
Darkhawk,good,50,32,33,70,74,64,323,15.198404,7.3389807,0
Darkman,good,75,14,23,85,12,28,237,10.823081,4.2034955,0
Darkseid,bad,88,100,23,100,100,95,506,28.548807,2.549911,0
Darkside,bad,1,1,1,1,0,1,5,-29.239582,-2.0951872,2
Darkstar,good,38,8,35,42,52,64,239,2.0130274,-0.5300154,0
Dash,good,9,4,83,42,12,28,178,3.0856,7.8985906,1
Dazzler,good,63,10,35,42,64,56,270,4.4478235,1.9873307,0
Deadman,good,50,10,33,100,100,42,335,14.228399,9.880677,0
Deadpool,neutral,50,15,30,100,100,100,395,15.302736,10.901338,0
Deadshot,bad,50,10,23,28,47,80,238,4.6211414,-0.94581574,0
Deathlok,good,69,32,30,70,40,60,301,13.769368,3.7213194,0
Deathstroke,neutral,75,30,35,100,36,90,366,15.145298,2.3017814,0
Demogoblin,bad,50,48,42,35,54,60,289,11.67849,-1.8547372,0
Destroyer,bad,50,95,58,98,90,70,461,26.803562,5.705238,0
DL Hawkins,good,50,12,12,56,48,56,234,1.9267259,0.91008407,0
Doc Samson,good,75,80,33,80,36,70,374,20.984821,4.3366117,0
Doctor Doom,bad,100,32,20,100,93,84,429,14.425111,11.868897,0
Doctor Doom II,bad,1,32,1,1,0,1,36,-22.007113,-2.735691,2
Doctor Fate,good,81,16,25,80,100,50,352,13.656048,11.175708,0
Doctor Octopus,bad,1,1,1,1,0,1,5,-29.240484,-3.68605,2
Doctor Strange,good,100,10,12,84,100,60,366,13.783195,11.560203,0
Domino,good,63,10,27,28,49,74,251,4.853212,-0.35189703,0
Donna Troy,good,1,1,1,1,0,1,5,-29.122192,-3.0355341,2
Doppelganger,bad,8,63,60,95,62,84,372,19.597261,3.4129725,0
Dormammu,bad,88,95,83,100,100,80,546,30.12429,6.9660673,0
Dr Manhattan,good,88,32,42,95,100,42,399,13.794606,11.257691,0
Ego,bad,88,80,83,99,71,28,449,26.632343,7.863411,0
Elastigirl,good,38,32,12,90,20,14,206,11.706999,4.641575,0
Electro,bad,69,10,50,56,67,64,316,9.198424,7.9437313,0
Elektra,good,63,11,30,28,59,100,291,6.224637,-0.73975223,0
Elle Bishop,bad,50,8,12,42,63,42,217,0.4516277,0.6507241,0
Elongated Man,good,38,10,27,90,41,42,248,11.8731165,6.9556828,0
Emma Frost,good,75,63,35,90,82,42,387,20.317703,8.250835,0
Energy,good,1,1,1,1,0,1,5,-28.453163,-6.0799627,2
ERG-1,good,1,1,1,1,0,1,5,-28.884321,-5.1285095,2
Evilhawk,bad,50,32,33,70,78,64,327,15.192964,7.408862,0
Exodus,bad,63,81,28,28,100,70,370,24.123575,-1.3760874,0
Fabian Cortez,bad,1,1,1,1,0,1,5,-29.56512,-4.6520634,2
Falcon,good,38,13,50,28,22,64,215,4.0144653,-3.9065566,0
Fallen One II,bad,88,85,83,100,100,56,512,29.05219,6.9323516,0
Faora,bad,88,95,75,100,87,90,535,30.311785,6.6507277,0
Feral,good,38,28,45,28,20,70,229,4.4218516,-3.8978097,0
Fighting Spirit,good,1,1,1,1,0,1,5,-29.233795,-5.387995,2
Fin Fang Foom,good,50,81,23,100,68,70,392,21.773312,6.493697,0
Firebird,good,38,8,40,14,90,42,232,-1.2164704,0.80550027,0
Firelord,good,38,63,75,90,48,28,342,24.74258,8.940255,0
Firestar,good,50,8,54,55,71,32,270,8.466607,8.609898,0
Firestorm,good,50,53,58,56,100,42,359,8.305925,10.424607,0
Fixer,bad,1,1,1,1,0,1,5,-29.77875,-4.9782248,2
Flash Gordon,good,1,1,1,1,0,1,5,-28.58964,-2.279491,2
Flash I,good,63,10,100,50,57,32,312,5.6425385,8.705647,0
Flash II,good,63,10,100,60,66,32,331,5.8512025,8.78342,0
Flash III,good,63,10,100,60,83,32,348,5.9435606,8.955795,0
Flash IV,good,63,10,100,32,59,48,312,5.489132,8.6302395,0
Forge,good,63,10,12,28,12,48,173,1.305337,-6.89119,0
Franklin Richards,good,1,1,1,1,0,1,5,-28.748867,-1.8239782,2
Franklin Storm,good,38,10,1,1,0,10,60,-7.169853,-0.9752099,2
Frenzy,bad,63,53,35,100,38,52,341,16.563702,4.5875397,0
Frigga,good,1,1,1,1,0,1,5,-29.543236,-1.415137,2
Galactus,neutral,100,100,83,100,100,70,553,29.817654,7.0319285,0
Gambit,good,63,10,23,28,55,84,263,5.5186133,-0.3780308,0
Garbage Man,good,1,1,1,1,0,1,5,-29.056015,-3.8584275,2
Gary Bell,good,63,5,8,10,54,10,150,-3.1038485,-1.9845232,0
General Zod,bad,94,100,96,100,94,95,579,30.851816,7.6851134,0
Genesis,good,1,1,1,1,0,1,5,-28.57521,-2.8289704,2
Ghost Rider,good,50,55,25,100,70,60,360,18.366327,8.100463,0
Ghost Rider II,good,1,1,1,1,0,1,5,-28.118355,-5.120638,2
Giant-Man,good,1,1,1,1,0,1,5,-28.631811,-4.6827626,2
Giant-Man II,good,1,1,1,1,0,1,5,-30.08303,-5.466294,2
Giganta,bad,81,89,23,85,32,42,352,20.481056,4.940829,0
Goblin Queen,bad,75,10,23,28,65,56,257,4.1172004,1.630791,0
Gog,bad,50,34,47,72,39,56,298,14.41388,3.7743087,0
Goku,good,56,100,75,90,100,100,521,31.375957,6.349251,0
Goliath,good,1,1,1,1,0,1,5,-28.498018,-3.4077268,2
Goliath II,good,1,1,1,1,0,1,5,-29.146376,-3.3060653,2
Goliath III,bad,1,1,1,1,0,1,5,-31.717289,-3.0343573,2
Goliath IV,good,1,1,1,1,0,1,5,-31.717289,-3.0343573,2
Granny Goodness,bad,1,1,1,1,0,1,5,-31.717289,-3.0343573,2
Gravity,good,50,32,33,40,72,30,257,0.85358346,2.6808267,0
Green Arrow,good,75,12,35,28,26,90,266,7.3905783,-7.9913535,0
Green Goblin,bad,75,48,35,48,38,28,272,11.338891,1.9016492,0
Green Goblin II,bad,75,55,37,50,38,26,281,11.418707,1.8236375,0
Green Goblin III,good,1,1,1,1,0,1,5,-31.717289,-3.0343573,2
Green Goblin IV,good,1,1,1,1,0,1,5,-31.717289,-3.0343573,2
Groot,good,75,85,33,70,92,64,419,26.113121,1.0630488,0
Guardian,good,1,1,1,1,0,1,5,-31.717289,-3.0343573,2
Guy Gardner,good,38,80,27,64,97,64,370,25.859755,-0.1482887,0
Hal Jordan,good,63,90,53,64,100,56,426,25.598188,0.6162703,0
Hancock,good,50,85,65,100,70,28,398,24.920435,8.490152,0
Harley Quinn,bad,81,12,23,42,30,80,268,7.6345325,-9.0913515,0
Havok,good,63,10,25,60,71,45,274,11.157206,8.2359705,0
Hawk,good,38,38,35,95,36,42,284,16.044964,4.4736223,0
Hawkeye,good,50,12,23,14,26,80,205,5.226834,-6.7160053,0
Hawkeye II,good,50,6,8,10,24,50,148,1.9825945,-6.70649,0
Hawkgirl,good,50,28,53,99,74,72,376,15.83225,9.751836,0
Hawkman,good,1,1,1,1,0,1,5,-31.717289,-3.0343573,2
Hawkwoman I,good,1,1,1,1,0,1,5,-31.717289,-3.0343573,2
Hawkwoman II,good,1,1,1,1,0,1,5,-31.717289,-3.0343573,2
Hawkwoman III,good,1,1,1,1,0,1,5,-31.717289,-3.0343573,2
Hellboy,good,63,53,23,85,30,75,329,16.420761,2.9848835,0
Hellcat,good,50,10,23,42,18,70,213,4.559727,-5.2451143,0
Hellstorm,good,1,1,1,1,0,1,5,-31.717289,-3.0343573,2
Hercules,good,63,100,46,85,67,100,461,23.582901,3.5894747,0
Hiro Nakamura,good,1,1,1,1,0,1,5,-31.717289,-3.0343573,2
Hit-Girl,good,10,8,23,14,21,56,132,2.3515203,-5.150941,0
Hobgoblin,bad,1,1,1,1,0,1,5,-31.717289,-3.0343573,2
Hollow,good,1,1,1,1,0,1,5,-31.717289,-3.0343573,2
Hope Summers,good,63,10,12,32,89,75,281,6.444188,1.8940523,0
Howard the Duck,good,1,1,1,1,0,1,5,-31.717289,-3.0343573,2
Hulk,good,88,100,47,100,41,85,461,22.990786,4.55746,0
Human Torch,good,56,10,63,70,74,42,315,8.55584,8.796766,0
Huntress,good,69,10,23,28,34,95,259,7.567036,-7.4592485,0
Husk,good,63,63,35,78,53,64,356,18.44817,2.936001,0
Hydro-Man,bad,38,13,25,80,66,50,272,12.147522,7.940713,0
Hyperion,good,63,95,75,95,58,72,458,24.969093,6.0575137,0
Iceman,good,63,32,53,100,100,64,412,15.46615,10.214025,0
Impulse,good,50,10,100,60,63,60,343,6.214691,8.349138,0
Ink,good,38,28,17,40,66,50,239,0.9635042,1.4618539,0
Invisible Woman,good,69,10,27,70,74,56,306,11.639731,8.808588,0
Iron Fist,good,75,23,35,42,43,100,318,9.436492,-6.990565,0
Iron Man,good,100,85,58,85,100,64,492,28.970814,5.1852117,0
Iron Monger,bad,88,63,25,90,57,56,379,19.603806,7.443878,0
Ironman,good,1,1,1,1,0,1,5,-31.717289,-3.0343573,2
Isis,good,75,48,75,46,43,56,343,15.858611,-0.74308795,0
Jack Bauer,good,1,1,1,1,0,1,5,-31.717289,-3.0343573,2
Jack of Hearts,good,63,55,100,30,70,30,348,5.3403745,9.535094,0
Jack-jack,good,6,34,67,80,69,6,262,9.043778,11.326636,2
Jean Grey,good,100,80,67,100,100,70,517,29.254477,5.6276145,0
Jennifer Kale,good,75,10,35,42,61,72,295,5.1209426,1.5301746,0
Jessica Sanders,good,1,1,1,1,0,1,5,-31.717289,-3.0343573,2
Jigsaw,bad,1,1,1,1,0,1,5,-31.717289,-3.0343573,2
Jim Powell,good,38,38,23,80,23,20,222,11.727963,4.5912075,0
JJ Powell,good,88,10,8,10,14,10,140,-2.0206902,-7.020865,0
Johann Krauss,good,1,1,1,1,0,1,5,-31.717289,-3.0343573,2
John Stewart,good,50,80,27,64,94,54,369,25.79274,-0.032584827,0
John Wraith,good,75,12,35,28,65,80,295,5.708673,0.8554797,0
Joker,bad,100,10,12,56,22,90,290,9.462963,-9.6298,0
Jolt,good,63,12,27,32,31,42,207,0.26339313,-3.4739714,0
Jubilee,good,56,8,22,20,66,90,262,5.6786375,-0.50798476,0
Juggernaut,neutral,44,100,42,100,74,70,430,23.071344,6.2961574,0
Junkpile,bad,50,38,17,90,71,30,296,14.026758,8.166213,0
Justice,good,50,10,33,70,55,30,248,11.124849,7.1195736,0
Kang,bad,100,48,58,70,71,70,417,19.091263,-0.85201174,0
Kevin 11,bad,25,7,12,14,100,40,198,-2.2177227,0.95792794,0
Kick-Ass,good,10,10,23,14,21,56,134,2.3525398,-5.14915,0
Kid Flash,good,25,4,92,42,13,30,206,3.149389,7.92152,1
Kid Flash II,good,1,1,1,1,0,1,5,-31.717289,-3.0343573,2
Killer Croc,bad,25,48,33,85,36,60,287,16.90618,3.976085,0
Kilowog,good,81,90,53,42,100,80,446,24.611462,-0.8828468,0
Kingpin,bad,75,18,25,40,13,70,241,6.3880568,-9.265259,0
Klaw,bad,63,38,33,100,62,60,356,16.43337,8.032533,0
Kool-Aid Man,good,25,10,12,14,10,14,85,-7.0506253,-0.9221559,2
Kraven II,bad,50,34,23,28,36,85,256,7.4274645,-4.6879873,0
Kraven the Hunter,bad,63,32,35,42,26,85,283,9.047372,-5.4211497,0
Krypto,good,9,80,100,90,72,40,391,25.287573,9.267675,2
Lady Bullseye,bad,1,1,1,1,0,1,5,-31.717289,-3.0343573,2
Lady Deathstrike,bad,1,1,1,1,0,1,5,-31.717289,-3.0343573,2
Leader,bad,100,10,12,14,58,42,236,-1.6713717,-4.6650043,0
Leech,good,25,5,12,14,62,14,132,-3.4568124,-0.34167942,0
Lex Luthor,bad,100,10,12,14,10,28,174,-1.7965527,-7.008239,0
Light Lass,good,38,10,35,28,65,42,218,0.09739402,-0.13024235,0
Lightning Lad,good,38,10,23,28,60,42,201,0.07397585,-0.26142716,0
Lightning Lord,bad,44,10,23,42,66,42,227,0.3824722,0.55164754,0
Living Brain,bad,75,53,35,56,31,28,278,11.432218,1.9438267,0
Liz Sherman,good,1,1,1,1,0,1,5,-31.717289,-3.0343573,2
Lizard,bad,38,51,27,70,40,56,282,16.967695,3.7030516,0
Lobo,bad,88,83,35,100,95,85,486,28.163326,3.0213406,0
Loki,bad,88,57,47,85,85,56,418,26.079145,4.8570423,0
Longshot,good,50,10,27,10,71,70,238,4.0860496,-0.13982762,0
Luke Cage,good,44,55,23,95,35,64,316,16.935856,4.049411,0
Luke Campbell,bad,1,1,1,1,0,1,5,-31.717289,-3.0343573,2
Luna,good,38,6,83,14,53,14,208,4.404807,8.602219,0
Lyja,good,1,1,1,1,0,1,5,-31.717289,-3.0343573,2
Mach-IV,bad,75,36,60,84,60,56,371,17.502892,0.08651843,0
Machine Man,good,63,32,35,84,51,64,329,14.586024,4.300709,0
Magneto,bad,88,80,27,84,91,80,450,27.905575,2.6573937,0
Magog,good,50,48,23,64,66,72,323,15.684333,6.536297,0
Magus,bad,88,100,70,99,100,74,531,29.700392,6.463588,0
Man-Bat,neutral,38,18,50,70,33,30,239,9.27498,6.085305,0
Man-Thing,good,50,32,8,100,98,40,328,14.259998,8.977408,0
Man-Wolf,good,63,44,35,42,38,70,292,11.397528,-2.6678011,0
Mandarin,bad,100,28,23,28,99,95,373,7.484226,1.6211956,0
Martian Manhunter,good,100,100,96,100,100,85,581,30.506521,7.7572427,0
Marvel Girl,good,63,85,47,42,100,80,417,24.49962,-0.8678723,0
Master Brood,good,1,1,1,1,0,1,5,-31.717289,-3.0343573,2
Master Chief,good,75,73,35,80,62,100,425,23.497526,2.8680847,0
Match,bad,75,95,83,85,90,70,498,29.00501,7.19423,0
Matt Parkman,good,63,10,12,14,59,56,214,3.2286549,0.43066067,0
Maverick,good,63,10,12,42,60,85,272,5.8868666,0.12714618,0
Maxima,bad,75,90,35,56,67,75,398,23.037693,0.49267906,0
Maya Herrera,good,50,10,12,14,60,14,160,-2.9972947,-1.4252312,0
Medusa,good,75,34,35,70,35,56,305,13.623792,3.572572,0
Meltdown,good,38,10,12,42,58,64,224,1.8352181,0.36626098,0
Mephisto,bad,88,85,35,95,100,42,445,29.281057,3.7928014,0
Mera,good,56,62,54,70,55,70,367,18.683437,1.8250786,0
Metallo,bad,75,53,23,95,74,64,384,18.615038,7.8081822,0
Metamorpho,good,1,1,1,1,0,1,5,-31.717289,-3.0343573,2
Meteorite,good,1,1,1,1,0,1,5,-31.717289,-3.0343573,2
Metron,good,88,10,47,56,69,28,298,2.868505,5.226242,0
Micah Sanders,good,63,8,12,14,57,14,168,-2.9465232,-1.9403867,0
Micro Lad,good,38,28,27,28,44,32,197,0.982422,-2.2509742,0
Mimic,good,63,67,47,56,79,42,354,24.465471,0.40128466,0
Minna Murray,good,1,1,1,1,0,1,5,-31.717289,-3.0343573,2
Misfit,good,63,32,23,80,62,42,302,13.578243,7.6128235,0
Miss Martian,good,63,85,58,100,100,45,451,27.536879,6.0854497,0
Mister Fantastic,good,100,10,18,70,32,64,294,9.878899,-10.150122,0
Mister Freeze,bad,75,32,12,70,37,28,254,11.243786,3.5638475,0
Mister Sinister,bad,1,1,1,1,0,1,5,-31.717289,-3.0343573,2
Mogo,good,1,1,1,1,0,1,5,-31.717289,-3.0343573,2
Mohinder Suresh,good,1,1,1,1,0,1,5,-31.717289,-3.0343573,2
Moloch,bad,1,1,1,1,0,1,5,-31.717289,-3.0343573,2
Molten Man,bad,50,73,23,84,53,56,339,20.437677,6.225669,0
Monarch,good,1,1,1,1,0,1,5,-31.717289,-3.0343573,2
Monica Dawson,good,50,10,35,14,48,90,247,5.403854,-1.5171636,0
Moon Knight,good,50,36,23,42,28,75,254,7.3365083,-4.3036957,0
Moonstone,good,56,67,47,52,79,80,381,23.429317,-0.1528862,0
Morlun,bad,63,60,35,42,59,56,315,12.035781,-1.7795378,0
Morph,good,1,1,1,1,0,1,5,-31.717289,-3.0343573,2
Moses Magnum,bad,75,28,12,42,55,56,268,3.3646092,2.499089,0
Mr Incredible,good,38,73,35,95,25,42,308,17.870514,4.6377797,0
Ms Marvel,good,63,80,47,52,70,80,392,23.212238,0.19030535,0
Ms Marvel II,good,38,63,23,84,11,56,275,17.724043,4.32469,0
Multiple Man,good,63,11,23,70,28,62,257,10.92198,10.351734,0
Mysterio I,bad,75,10,23,42,50,56,256,3.9634624,1.9166608,0
Mystique,bad,75,12,23,64,58,74,306,11.237841,9.25463,0
Namor,good,1,1,1,1,0,1,5,-31.717289,-3.0343573,2
Namora,good,50,85,42,42,41,64,324,20.506548,0.69884336,0
Namorita,good,50,72,47,70,30,70,339,19.884718,2.3071876,0
Naruto Uzumaki,good,50,80,32,80,100,100,442,26.69617,2.2438302,0
Nathan Petrelli,good,1,1,1,1,0,1,5,-31.717289,-3.0343573,2
Nick Fury,good,75,11,23,42,25,100,276,8.438365,-7.5843735,0
Nightcrawler,good,50,10,47,14,52,80,253,5.2488837,-1.513409,0
Nightwing,good,88,11,33,28,36,100,296,8.571742,-8.355642,0
Niki Sanders,good,63,52,35,28,37,56,271,11.488444,-2.0316901,0
Nina Theroux,good,63,5,8,10,54,20,160,-2.9270363,-1.9754585,0
Nite Owl II,good,1,1,1,1,0,1,5,-31.717289,-3.0343573,2
Northstar,good,50,18,83,56,70,70,347,6.506745,8.149186,0
Offspring,good,50,10,35,99,100,56,350,14.440693,10.086544,0
Omega Red,bad,1,1,1,1,0,1,5,-31.717289,-3.0343573,2
Omniscient,good,1,1,1,1,0,1,5,-31.717289,-3.0343573,2
Onslaught,bad,88,85,47,100,100,85,505,28.197266,3.4618757,0
Oracle (DC),good,75,11,23,28,19,76,232,6.3312736,-8.605154,0
Osiris,good,75,85,60,95,65,42,422,25.430107,7.396353,0
Overtkill,bad,1,1,1,1,0,1,5,-31.717289,-3.0343573,2
Penance,good,1,1,1,1,0,1,5,-31.717289,-3.0343573,2
Penance I,good,1,1,1,1,0,1,5,-31.717289,-3.0343573,2
Penance II,good,1,1,1,1,0,1,5,-31.717289,-3.0343573,2
Penguin,bad,75,10,12,28,30,45,200,-0.022370592,-6.0115995,0
Peter Petrelli,good,63,28,23,28,69,56,267,2.9720273,1.9851704,0
Phantom,good,1,1,1,1,0,1,5,-31.717289,-3.0343573,2
Phantom Girl,good,38,10,23,28,53,42,194,0.24734397,-0.7154674,0
Phoenix,good,100,80,67,100,100,70,517,29.255377,5.62764,0
Plastic Lad,good,1,1,1,1,0,1,5,-31.717289,-3.0343573,2
Plastic Man,good,50,63,23,100,100,56,392,20.356594,9.029318,0
Plastique,bad,50,10,23,28,60,42,213,0.049630534,-0.31269485,0
Poison Ivy,bad,69,14,23,14,71,36,227,-1.6352402,-1.8160495,0
Power Girl,good,88,98,67,95,67,75,490,25.90116,6.5556664,0
Power Man,good,1,1,1,1,0,1,5,-31.717289,-3.0343573,2
Professor X,good,100,8,12,14,90,32,256,-2.1678612,-4.011602,0
Proto-Goblin,bad,63,38,23,48,22,28,222,10.858635,2.561856,0
Psylocke,good,1,1,1,1,0,1,5,-31.717289,-3.0343573,2
Punisher,good,50,16,23,28,22,100,239,6.452333,-6.1705494,0
Pyro,bad,38,10,12,14,50,28,152,-2.808124,-0.80096525,0
Quantum,good,1,1,1,1,0,1,5,-31.717289,-3.0343573,2
Question,good,81,14,27,35,20,80,257,7.02968,-8.9049835,0
Quicksilver,good,63,28,100,60,57,56,364,6.1361036,8.435389,0
Quill,good,38,10,12,14,23,14,111,-6.5743437,-0.94162023,2
Ra's Al Ghul,bad,100,28,32,42,27,100,329,9.456681,-8.689335,0
Rachel Pirzad,good,63,4,8,10,52,10,147,-3.1198516,-2.0080607,0
Raven,neutral,50,10,29,70,62,40,261,11.373457,7.59214,0
Razor-Fist II,bad,1,1,1,1,0,1,5,-31.717289,-3.0343573,2
Red Arrow,good,63,16,25,20,24,80,228,5.8719196,-7.470417,0
Red Hood,neutral,75,12,23,28,24,95,257,7.5415454,-7.8936896,0
Red Hulk,good,50,88,47,95,59,75,414,22.654707,5.72141,0
Red Mist,bad,25,10,23,14,20,56,148,2.589698,-5.1662006,0
Red Robin,good,81,11,27,32,29,80,260,7.225172,-8.73226,0
Red Skull,bad,75,10,12,14,19,80,210,5.6220946,-8.17156,0
Red Tornado,good,75,38,67,60,92,40,372,8.183922,10.215615,0
Redeemer II,bad,1,1,1,1,0,1,5,-31.717289,-3.0343573,2
Redeemer III,bad,1,1,1,1,0,1,5,-31.717289,-3.0343573,2
Renata Soliz,good,1,1,1,1,0,1,5,-31.717289,-3.0343573,2
Rhino,bad,25,80,43,90,37,85,360,19.61085,3.3738577,0
Rick Flag,bad,88,11,23,28,19,95,264,7.9225063,-8.603169,0
Riddler,bad,100,10,12,14,10,14,160,-1.9517156,-7.031781,0
Ripcord,good,1,1,1,1,0,1,5,-31.717289,-3.0343573,2
Robin I,good,88,11,27,28,32,85,271,7.769154,-8.769975,0
Robin II,good,1,1,1,1,0,1,5,-31.717289,-3.0343573,2
Robin III,good,81,11,27,28,30,85,262,7.3792677,-8.470059,0
Robin V,good,69,8,33,16,29,65,220,4.987088,-8.412045,0
Rocket Raccoon,good,50,5,23,28,28,64,198,4.01792,-5.2657795,0
Rogue,good,75,10,12,28,80,80,285,6.3921165,1.4684988,0
Ronin,good,38,10,27,32,21,90,218,5.788022,-5.75285,0
Rorschach,good,75,10,29,20,23,80,237,6.2809563,-8.252003,0
Sabretooth,bad,55,53,25,90,28,100,351,16.031614,2.470363,0
Sage,good,75,10,12,14,28,56,195,0.6595489,-6.605299,0
Sandman,neutral,50,75,47,97,62,56,387,22.090912,6.840006,0
Sasquatch,good,75,80,23,56,15,42,291,12.697798,0.9574252,0
Savage Dragon,good,63,70,54,85,49,72,393,21.168957,2.905412,0
Scarecrow,bad,81,10,12,14,48,50,215,-0.81014717,-4.9356546,0
Scarlet Spider,good,75,53,60,74,39,56,357,17.261995,0.37641004,0
Scarlet Spider II,good,88,55,60,40,30,56,329,15.723246,-0.8615835,0
Scarlet Witch,bad,88,10,23,42,67,28,258,2.6167402,4.851232,0
Scorpia,bad,38,28,42,28,34,28,198,1.4484378,-2.7884727,0
Scorpion,bad,50,52,60,85,49,80,376,18.235218,1.7822546,0
Sentry,good,75,80,58,84,97,54,448,27.887486,5.71313,0
Shadow King,good,75,12,27,100,100,75,389,14.475464,11.092936,0
Shadowcat,good,88,8,21,25,69,70,281,5.8277965,1.3682253,0
Shang-Chi,good,63,12,30,50,25,100,280,8.898914,-6.814494,0
Shatterstar,good,63,48,45,64,42,84,346,17.190758,1.4212502,0
She-Hulk,good,69,100,42,100,33,70,414,21.983599,4.518328,0
She-Thing,good,1,1,1,1,0,1,5,-31.717289,-3.0343573,2
Shocker,bad,63,10,23,70,63,56,285,11.604841,8.615354,0
Shriek,good,50,10,23,28,45,42,198,0.3602432,-1.709846,0
Shrinking Violet,good,1,1,1,1,0,1,5,-31.717289,-3.0343573,2
Sif,good,50,57,25,52,19,70,273,13.2551985,-0.74362963,0
Silk Spectre I,good,1,1,1,1,0,1,5,-29.060268,-0.8033613,2
Silk Spectre II,good,1,1,1,1,0,1,5,-23.52848,-4.5781074,2
Silverclaw,good,50,28,35,42,34,42,231,2.5251665,-2.8658855,0
Sinestro,bad,75,80,53,64,100,56,428,25.764997,0.8197802,0
Siren,bad,38,10,12,14,55,28,157,-2.765864,-0.7741887,0
Siren II,bad,1,1,1,1,0,1,5,-23.27055,-1.9745626,2
Siryn,bad,38,8,47,28,50,42,213,0.7925914,-0.9551835,0
Skaar,good,50,85,27,90,62,85,399,22.144253,5.7200103,0
Snowbird,good,50,32,27,42,63,52,266,1.5483166,2.1454937,0
Sobek,good,50,34,23,46,20,56,229,6.563733,-3.7912316,0
Solomon Grundy,bad,9,93,13,100,78,30,323,22.088968,8.533818,0
Songbird,good,75,36,27,42,55,56,291,3.3011186,2.6216326,0
Space Ghost,good,38,18,33,40,90,80,299,5.3252473,3.566109,0
Spawn,good,75,60,50,90,100,95,470,26.604637,3.5131407,0
Spectre,good,1,1,1,1,0,1,5,-23.52848,-4.5781074,2
Speedball,good,1,1,1,1,0,1,5,-23.52848,-4.5781074,2
Speedy,good,1,1,1,1,0,1,5,-23.52848,-4.5781074,2
Spider-Carnage,bad,1,1,1,1,0,1,5,-27.31374,-8.108225,2
Spider-Girl,good,63,38,60,65,46,75,347,17.08008,1.0922458,0
Spider-Man,good,88,55,60,74,58,85,420,19.169455,-0.68649465,0
Spider-Woman,good,50,42,42,32,62,52,280,1.7184559,2.6802945,0
Spider-Woman II,good,1,1,1,1,0,1,5,-23.52848,-4.5781074,2
Spider-Woman III,good,50,48,27,42,60,28,255,0.8885512,2.8638148,0
Spider-Woman IV,bad,1,1,1,1,0,1,5,-23.52848,-4.5781074,2
Spiderman,good,1,1,1,1,0,1,5,-27.31374,-8.108225,2
Spyke,good,50,12,17,60,41,30,210,10.909684,6.1995525,0
Stacy X,good,1,1,1,1,0,1,5,-25.564611,1.4939759,2
Starfire,good,50,80,33,85,59,70,377,21.69568,6.00971,0
Stargirl,good,50,40,27,90,71,56,334,15.611859,8.057248,0
Steel,good,81,82,53,90,64,64,434,25.213568,6.4189677,0
Stephanie Powell,good,69,10,54,10,17,10,170,-2.9056404,-5.930296,0
Storm,good,75,10,47,30,88,75,325,5.8010883,2.5159018,0
Sub-Mariner,good,63,80,47,56,37,84,367,20.559067,1.4484582,0
Sunspot,good,63,63,35,25,79,70,335,23.444052,-1.7263545,0
Super Moos,good,8,1,1,10,65,40,125,-2.949039,0.6215519,0
Superboy,good,75,95,83,90,84,60,487,28.708584,7.3357053,0
Superboy-Prime,bad,94,100,100,100,100,85,579,30.61269,7.710837,0
Supergirl,good,94,98,92,100,85,75,544,30.006407,7.5796833,0
Superman,good,100,100,100,100,94,85,579,30.548212,7.857001,0
Swamp Thing,bad,88,80,23,100,66,56,413,19.962248,7.488973,0
Sylar,bad,75,10,12,28,91,56,272,6.4965663,2.2590683,0
Synch,good,75,67,23,28,74,56,323,23.329157,-1.8860177,0
Tempest,good,38,10,45,28,62,60,243,1.3552501,-0.3469136,0
Thanos,bad,88,100,17,100,100,80,485,28.777483,2.6408243,0
The Cape,good,38,10,23,32,22,64,189,3.8814933,-5.0149736,0
The Comedian,neutral,63,14,17,10,12,80,196,5.165635,-7.6894264,0
Thing,good,75,84,21,90,26,80,376,21.191788,4.412392,0
Thor,good,69,100,92,100,100,85,546,30.943764,7.0038824,0
Thor Girl,good,75,83,70,84,100,70,482,28.443619,6.13814,0
Thunderbird,good,50,32,27,32,14,70,225,6.364873,-4.350527,0
Thunderbird II,good,1,1,1,1,0,1,5,-27.31374,-8.108225,2
Thunderbird III,good,1,1,1,1,0,1,5,-23.485275,-6.9786954,2
Thunderstrike,good,63,80,70,84,31,72,400,21.306982,2.589719,0
Thundra,good,38,81,32,64,26,54,295,18.433659,4.2135506,0
Tiger Shark,bad,38,72,42,70,21,28,271,17.940435,4.7320127,0
Tigra,good,63,32,53,38,33,90,309,9.355818,-5.426348,0
Tinkerer,bad,100,10,23,14,10,14,171,-2.0372572,-6.954259,0
Titan,good,1,1,1,1,0,1,5,-27.849575,2.0653753,2
Toad,neutral,50,34,58,56,49,28,275,8.720946,6.4849606,0
Toxin,good,56,73,70,84,75,70,428,24.998087,4.4892597,0
Tracy Strauss,good,1,1,1,1,0,1,5,-27.31374,-8.108225,2
Triplicate Girl,good,63,10,23,42,44,42,224,0.22050211,-2.6080785,0
Two-Face,bad,88,10,12,14,9,28,161,-1.7357818,-7.0019646,0
Ultragirl,good,50,80,35,70,35,80,350,20.100756,2.372897,0
Ultron,bad,88,83,42,100,100,64,477,28.74106,3.8255205,0
Utgard-Loki,bad,50,80,23,84,72,64,373,21.492332,6.61715,0
Vagabond,good,1,1,1,1,0,1,5,-27.31374,-8.108225,2
Valerie Hart,good,1,1,1,1,0,1,5,-27.849575,2.0653753,2
Valkyrie,good,1,1,1,1,0,1,5,-27.849575,2.0653753,2
Vanisher,bad,63,10,75,56,39,42,285,7.802232,6.193199,0
Venom,bad,75,57,65,84,79,84,444,25.423965,3.7739298,0
Venom II,bad,50,57,47,70,54,56,334,18.205772,2.3430533,0
Venom III,bad,63,73,35,90,66,56,383,21.149925,6.9605784,0
Vertigo II,good,1,1,1,1,0,1,5,-27.849575,2.0653753,2
Vindicator,good,1,1,1,1,0,1,5,-24.09608,-0.08610898,2
Vindicator II,good,63,63,53,64,56,70,369,18.826895,1.5574853,0
Violator,bad,1,1,1,1,0,1,5,-25.085205,-6.9747934,2
Violet,good,10,4,12,28,65,14,133,-3.5694418,0.11197129,0
Vision,good,100,72,54,95,76,70,467,26.872805,4.8974323,0
Vision II,good,1,1,1,1,0,1,5,-25.085205,-6.9747934,2
Vulcan,good,1,1,1,1,0,1,5,-25.564611,1.4939759,2
Vulture,bad,63,22,47,56,40,56,284,9.207304,4.884362,0
Walrus,bad,50,28,8,50,11,20,167,10.402497,2.8495665,0
War Machine,good,63,80,63,100,100,85,491,27.688227,4.7556524,0
Warbird,good,1,1,1,1,0,1,5,-24.09608,-0.08610898,2
Warlock,good,88,36,79,95,71,95,464,19.080639,-1.4751759,0
Warp,bad,38,10,23,28,63,50,212,0.41902187,-0.06322954,0
Warpath,good,38,72,47,70,26,84,337,19.871828,2.389668,0
Wasp,good,63,8,58,52,23,42,246,8.387124,5.410793,0
Watcher,good,100,80,67,89,100,56,492,28.993277,5.5742497,0
Weapon XI,bad,1,1,1,1,0,1,5,-24.09608,-0.08610898,2
White Queen,good,1,1,1,1,0,1,5,-24.09608,-0.08610898,2
Wildfire,good,50,32,23,100,77,42,324,14.285671,8.510793,0
Willis Stryker,bad,38,16,23,28,41,60,206,2.2164536,-1.4393151,0
Winter Soldier,good,56,32,35,65,60,84,332,15.262783,6.1362762,0
Wiz Kid,good,1,1,1,1,0,1,5,-23.27055,-1.9745626,2
Wolfsbane,good,38,16,35,42,26,42,199,2.4438255,-3.2126331,0
Wolverine,good,55,32,38,100,44,100,369,15.381612,2.3033412,0
Wonder Girl,good,75,90,25,80,39,60,369,20.844086,4.719327,0
Wonder Man,good,75,100,53,90,64,64,446,25.189634,6.4629245,0
Wonder Woman,good,88,100,50,100,42,100,480,23.141953,4.476638,0
Wondra,good,1,1,1,1,0,1,5,-28.083702,-2.019954,2
Wyatt Wingfoot,good,10,10,12,1,1,56,90,2.172706,-5.416711,0
X-23,good,75,24,35,90,27,85,336,14.984459,2.3171692,0
X-Man,good,88,53,53,95,92,84,465,26.427366,3.8060308,0
Yellow Claw,bad,1,1,1,1,0,1,5,-25.38725,-3.2653823,2
Yellowjacket,good,88,10,12,28,12,14,164,-1.8715717,-6.916455,0
Yellowjacket II,good,50,10,35,28,31,28,182,0.58504,-3.1492693,0
Ymir,good,50,100,27,100,83,28,388,21.935968,8.550055,0
Zatanna,good,75,10,23,28,100,56,292,6.5091677,2.3822727,0
Zoom,bad,50,10,100,28,72,28,288,5.094603,8.791802,0
